dockerfiles-laptop-clientapp-0-1,dockerfiles-laptop-clientapp-1-1,dockerfiles-laptop-supernode-0-1,dockerfiles-laptop-supernode-1-1,dockerfiles-serverapp-1,dockerfiles-superlink-1,dockerfiles-desktop-clientapp-0-1,dockerfiles-desktop-clientapp-1-1,dockerfiles-desktop-clientapp-2-1,dockerfiles-desktop-supernode-0-1,dockerfiles-desktop-supernode-1-1,dockerfiles-desktop-supernode-2-1
0,0,4096,4096,4096,4096,0,0,0,4096,4096,4096
0,0,4096,4096,4096,4096,0,0,0,4096,4096,4096
0,0,4096,4096,110592,102400,0,0,0,4096,4096,4096
0,0,4096,4096,139264,102400,0,0,0,4096,4096,4096
0,0,4096,4096,139264,102400,0,0,0,4096,4096,4096
0,0,4096,4096,143360,102400,0,0,0,4096,4096,4096
0,0,4096,4096,143360,102400,0,0,0,4096,4096,4096
0,0,102400,4096,143360,102400,0,0,0,4096,4096,4096
0,106496,102400,102400,143360,102400,0,0,106496,4096,4096,102400
135168,135168,102400,102400,143360,102400,106496,106496,106496,102400,102400,102400
139264,135168,102400,102400,143360,102400,106496,106496,106496,102400,102400,102400
139264,139264,102400,102400,143360,102400,143360,135168,135168,102400,102400,102400
167936,139264,102400,102400,143360,102400,143360,139264,139264,102400,102400,102400
167936,176128,102400,102400,143360,102400,143360,139264,139264,102400,102400,102400
172032,19202048,102400,102400,143360,102400,151552,139264,139264,102400,102400,102400
172032,39653376,102400,102400,143360,102400,167936,167936,155648,102400,102400,102400
10657792,39653376,102400,102400,143360,102400,176128,167936,155648,102400,102400,102400
10657792,39653376,102400,102400,143360,102400,176128,167936,39632896,102400,102400,102400
39649280,39653376,102400,102400,143360,102400,39653376,15736832,39632896,102400,102400,102400
39649280,39653376,102400,102400,143360,102400,39653376,15736832,39632896,102400,102400,102400
39649280,39653376,102400,102400,143360,102400,39653376,39645184,39632896,102400,102400,102400
39649280,39653376,102400,102400,143360,102400,39653376,39645184,39632896,102400,102400,102400
39649280,39653376,102400,102400,143360,102400,39653376,39645184,39632896,102400,102400,102400
39649280,39653376,102400,102400,143360,102400,39653376,39645184,39632896,102400,102400,102400
39649280,39653376,102400,102400,143360,102400,39653376,39645184,39632896,102400,102400,102400
39649280,39653376,102400,102400,143360,102400,39653376,39645184,39632896,102400,102400,102400
39649280,39653376,102400,102400,143360,102400,39653376,39645184,39632896,102400,102400,102400
39649280,39653376,102400,102400,143360,102400,39653376,39645184,39632896,102400,102400,102400
39649280,39653376,102400,102400,143360,102400,39653376,39645184,39632896,102400,102400,102400
39649280,39653376,102400,102400,143360,102400,39653376,39645184,39632896,102400,102400,102400
39649280,39653376,102400,102400,143360,102400,39653376,39645184,39632896,102400,102400,102400
39649280,39653376,102400,102400,143360,102400,39653376,39645184,39632896,102400,102400,102400
39649280,39653376,102400,102400,143360,102400,39653376,39645184,39632896,102400,102400,102400
39649280,39653376,102400,102400,143360,102400,39653376,39645184,39632896,102400,102400,102400
39649280,39653376,102400,102400,143360,102400,39653376,39645184,39632896,102400,102400,102400
39649280,39653376,102400,102400,143360,102400,39653376,39645184,39632896,102400,102400,102400
39649280,39653376,102400,102400,143360,102400,39653376,39645184,39632896,102400,102400,102400
39649280,39653376,102400,102400,143360,102400,39653376,39645184,39632896,102400,102400,102400
39649280,39653376,102400,102400,143360,102400,39653376,39645184,39632896,102400,102400,102400
39649280,39653376,102400,102400,143360,102400,39653376,39645184,39632896,102400,102400,102400
39649280,39653376,102400,102400,143360,102400,39653376,39645184,39632896,102400,102400,102400
39649280,39653376,102400,102400,143360,102400,39653376,39645184,39632896,102400,102400,102400
39649280,39653376,102400,102400,143360,102400,39653376,39645184,39632896,102400,102400,102400
39649280,39653376,102400,102400,143360,102400,39653376,39645184,39632896,102400,102400,102400
39649280,39653376,102400,102400,143360,102400,39653376,39645184,39632896,102400,102400,102400
39649280,39653376,102400,102400,143360,102400,39653376,39645184,39632896,102400,102400,102400
39649280,39653376,102400,102400,143360,102400,39653376,39645184,39632896,102400,102400,102400
39649280,39653376,102400,102400,143360,102400,39653376,39645184,39632896,102400,102400,102400
39649280,39653376,102400,102400,143360,102400,39653376,39645184,39632896,102400,102400,102400
39649280,39653376,102400,102400,143360,102400,39653376,39645184,39632896,102400,102400,102400
39649280,39653376,102400,102400,143360,102400,39653376,39645184,39632896,102400,102400,102400
39649280,39653376,102400,102400,143360,102400,39653376,39645184,39632896,102400,102400,102400
39649280,39653376,102400,102400,143360,102400,39653376,39645184,39632896,102400,102400,102400
39649280,39653376,102400,102400,143360,102400,39653376,39645184,39632896,102400,102400,102400
39649280,39653376,102400,102400,143360,102400,39653376,39645184,39632896,102400,102400,102400
39649280,39653376,102400,102400,143360,102400,39653376,39645184,39632896,102400,102400,102400
39649280,39653376,102400,102400,143360,102400,39653376,39645184,39632896,102400,102400,102400
39649280,39653376,102400,102400,143360,102400,39653376,39645184,39632896,102400,102400,102400
39649280,39653376,102400,102400,143360,102400,39653376,39645184,39632896,102400,102400,102400
39649280,39653376,102400,102400,143360,102400,39653376,39645184,39632896,102400,102400,102400
39649280,39653376,102400,102400,143360,102400,39653376,39645184,39632896,102400,102400,102400
39649280,39653376,102400,102400,143360,102400,39653376,39645184,39632896,102400,102400,102400
39649280,39653376,102400,102400,143360,102400,39653376,39645184,39632896,102400,102400,102400
39649280,39653376,102400,102400,143360,102400,39653376,39645184,39632896,102400,102400,102400
39649280,39653376,102400,102400,143360,102400,39653376,39645184,39632896,102400,102400,102400
39649280,39653376,102400,102400,143360,102400,39653376,39645184,39632896,102400,102400,102400
39649280,39653376,102400,102400,143360,102400,39653376,39645184,39632896,102400,102400,102400
39649280,39653376,102400,102400,143360,102400,39653376,39645184,39632896,102400,102400,102400
39649280,39653376,102400,102400,143360,102400,39653376,39645184,39632896,102400,102400,102400
39649280,39653376,102400,102400,143360,102400,39653376,39645184,39632896,102400,102400,102400
39649280,39653376,102400,102400,143360,102400,39653376,39645184,39632896,102400,102400,102400
39649280,39653376,102400,102400,143360,102400,39653376,39645184,39632896,102400,102400,102400
39649280,39653376,102400,102400,143360,102400,39653376,39645184,39632896,102400,102400,102400
39649280,39653376,102400,102400,143360,102400,39653376,39645184,39632896,102400,102400,102400
39649280,39653376,102400,102400,143360,102400,39653376,39645184,39632896,102400,102400,102400
39649280,39653376,102400,102400,143360,102400,39653376,39645184,39632896,102400,102400,102400
39649280,39653376,102400,102400,143360,102400,39653376,39645184,39632896,102400,102400,102400
39649280,39653376,102400,102400,143360,102400,39653376,39645184,39632896,102400,102400,102400
39649280,39653376,102400,102400,143360,102400,39653376,39645184,39632896,102400,102400,102400
39649280,39653376,102400,102400,143360,102400,39653376,39645184,39632896,102400,102400,102400
39649280,39653376,102400,102400,143360,102400,39653376,39645184,39632896,102400,102400,102400
39649280,39653376,102400,102400,143360,102400,39653376,39645184,39632896,102400,102400,102400
39649280,39653376,102400,102400,143360,102400,39653376,39645184,39632896,102400,102400,102400
39649280,39653376,102400,102400,143360,102400,39653376,39645184,39632896,102400,102400,102400
39649280,39653376,102400,102400,143360,102400,39653376,39645184,39632896,102400,102400,102400
39649280,39653376,102400,102400,143360,102400,39653376,39645184,39632896,102400,102400,102400
39649280,39653376,102400,102400,143360,102400,39653376,39645184,39632896,102400,102400,102400
39649280,39653376,102400,102400,143360,102400,39653376,39645184,39632896,102400,102400,102400
39649280,39653376,102400,102400,143360,102400,39653376,39645184,39632896,102400,102400,102400
39649280,39653376,102400,102400,143360,102400,39653376,39645184,39632896,102400,102400,102400
39649280,39653376,102400,102400,143360,102400,39653376,39645184,39632896,102400,102400,102400
39649280,39653376,102400,102400,143360,102400,39653376,39645184,39632896,102400,102400,102400
39649280,39653376,102400,102400,143360,102400,39653376,39645184,39632896,102400,102400,102400
39649280,39653376,102400,102400,143360,102400,39653376,39645184,39632896,102400,102400,102400
39649280,39653376,102400,102400,143360,102400,39653376,39645184,39632896,102400,102400,102400
39649280,39653376,102400,102400,143360,102400,39653376,39645184,39632896,102400,102400,102400
39649280,39653376,102400,102400,143360,102400,39653376,39645184,39632896,102400,102400,102400
39649280,39653376,102400,102400,143360,102400,39653376,39645184,39632896,102400,102400,102400
39649280,39653376,102400,102400,143360,102400,39653376,39645184,39632896,102400,102400,102400
39649280,39653376,102400,102400,143360,102400,39653376,39645184,39632896,102400,102400,102400
39649280,39653376,102400,102400,143360,102400,39653376,39645184,39632896,102400,102400,102400
39649280,39653376,102400,102400,143360,102400,39653376,39645184,39632896,102400,102400,102400
39649280,39653376,102400,102400,143360,102400,39653376,39645184,39632896,102400,102400,102400
39649280,39653376,102400,102400,143360,102400,39653376,39645184,39632896,102400,102400,102400
39649280,39653376,102400,102400,143360,102400,39653376,39645184,39632896,102400,102400,102400
39649280,39653376,102400,102400,143360,102400,39653376,39645184,39632896,102400,102400,102400
39649280,39653376,102400,102400,143360,102400,39653376,39645184,39632896,102400,102400,102400
39649280,39653376,102400,102400,143360,102400,39653376,39645184,39632896,102400,102400,102400
39649280,39653376,102400,102400,143360,102400,39653376,39645184,39632896,102400,102400,102400
39649280,39653376,102400,102400,143360,102400,39653376,39645184,39632896,102400,102400,102400
39649280,39653376,102400,102400,143360,102400,39653376,39645184,39632896,102400,102400,102400
39649280,39653376,102400,102400,143360,102400,39653376,39645184,39632896,102400,102400,102400
39649280,39653376,102400,102400,143360,102400,39653376,39645184,39632896,102400,102400,102400
39649280,39653376,102400,102400,143360,102400,39653376,39645184,39632896,102400,102400,102400
39649280,39653376,102400,102400,143360,102400,39653376,39645184,39632896,102400,102400,102400
39649280,39653376,102400,102400,143360,102400,39653376,39645184,39632896,102400,102400,102400
39649280,39653376,102400,102400,143360,102400,39653376,39645184,39632896,102400,102400,102400
39649280,39653376,102400,102400,143360,102400,39653376,39645184,39632896,102400,102400,102400
39649280,39653376,102400,102400,143360,102400,39653376,39645184,39632896,102400,102400,102400
39649280,39653376,102400,102400,143360,102400,39653376,39645184,39632896,102400,102400,102400
39649280,39653376,102400,102400,143360,102400,39653376,39645184,39632896,102400,102400,102400
39649280,39653376,102400,102400,143360,102400,39653376,39645184,39632896,102400,102400,102400
39649280,39653376,102400,102400,143360,102400,39653376,39645184,39632896,102400,102400,102400
39649280,39653376,102400,102400,143360,102400,39653376,39645184,39632896,102400,102400,102400
39649280,39653376,102400,102400,143360,102400,39653376,39645184,39632896,102400,102400,102400
39649280,39653376,102400,102400,143360,102400,39653376,39645184,39632896,102400,102400,102400
39649280,39653376,102400,102400,143360,102400,39653376,39645184,39632896,102400,102400,102400
39649280,39653376,102400,102400,143360,102400,39653376,39645184,39632896,102400,102400,102400
39649280,39653376,102400,102400,143360,102400,39653376,39645184,39632896,102400,102400,102400
39649280,39653376,102400,102400,143360,102400,39653376,39645184,39632896,102400,102400,102400
39649280,39653376,102400,102400,143360,102400,39653376,39645184,39632896,102400,102400,102400
39649280,39653376,102400,102400,143360,102400,39653376,39645184,39632896,102400,102400,102400
39649280,39653376,102400,102400,143360,102400,39653376,39645184,39632896,102400,102400,102400
39649280,39653376,102400,102400,143360,102400,39653376,39645184,39632896,102400,102400,102400
39649280,39653376,102400,102400,143360,102400,39653376,39645184,39632896,102400,102400,102400
39649280,39653376,102400,102400,143360,102400,39653376,39645184,39632896,102400,102400,102400
39649280,39653376,102400,102400,143360,102400,39653376,39645184,39632896,102400,102400,102400
39649280,39653376,102400,102400,143360,102400,39653376,39645184,39632896,102400,102400,102400
39649280,39653376,102400,102400,143360,102400,39653376,39645184,39632896,102400,102400,102400
39649280,39653376,102400,102400,143360,102400,39653376,39645184,39632896,102400,102400,102400
39649280,39653376,102400,102400,143360,102400,39653376,39645184,39632896,102400,102400,102400
39649280,39653376,102400,102400,143360,102400,39653376,39645184,39632896,102400,102400,102400
39649280,39653376,102400,102400,143360,102400,39653376,39645184,39632896,102400,102400,102400
39649280,39653376,102400,102400,143360,102400,39653376,39645184,39632896,102400,102400,102400
39649280,39653376,102400,102400,143360,102400,39653376,39645184,39632896,102400,102400,102400
39649280,39653376,102400,102400,143360,102400,39653376,39645184,39632896,102400,102400,102400
39649280,39653376,102400,102400,143360,102400,39653376,39645184,39632896,102400,102400,102400
39649280,39653376,102400,102400,143360,102400,39653376,39645184,39632896,102400,102400,102400
39649280,39653376,102400,102400,143360,102400,39653376,39645184,39632896,102400,102400,102400
39649280,39653376,102400,102400,143360,102400,39653376,39645184,39632896,102400,102400,102400
39649280,39653376,102400,102400,143360,102400,39653376,39645184,39632896,102400,102400,102400
39649280,39653376,102400,102400,143360,102400,39653376,39645184,39632896,102400,102400,102400
39649280,39653376,102400,102400,143360,102400,39653376,39645184,39632896,102400,102400,102400
39649280,39653376,102400,102400,143360,102400,39653376,39645184,39632896,102400,102400,102400
39649280,39653376,102400,102400,143360,102400,39653376,39645184,39632896,102400,102400,102400
39649280,39653376,102400,102400,143360,102400,39653376,39645184,39632896,102400,102400,102400
39649280,39653376,102400,102400,143360,102400,39653376,39645184,39632896,102400,102400,102400
39649280,39653376,102400,102400,143360,102400,39653376,39645184,39632896,102400,102400,102400
39649280,39653376,102400,102400,143360,102400,39653376,39645184,39632896,102400,102400,102400
39649280,39653376,102400,102400,143360,102400,39653376,39645184,39632896,102400,102400,102400
39649280,39653376,102400,102400,143360,102400,39657472,39645184,39641088,102400,102400,102400
39649280,39653376,102400,102400,143360,102400,39657472,39653376,39641088,102400,102400,102400
39649280,39653376,102400,102400,143360,102400,39657472,39653376,39641088,102400,102400,102400
39649280,39653376,102400,102400,143360,102400,39657472,39653376,39641088,102400,102400,102400
39649280,39653376,102400,102400,143360,102400,39657472,39653376,39641088,102400,102400,102400
39649280,39653376,102400,102400,143360,102400,39657472,39653376,39641088,102400,102400,102400
39649280,39653376,102400,102400,143360,102400,39657472,39653376,39641088,102400,102400,102400
39649280,39653376,102400,102400,143360,102400,39657472,39653376,39641088,102400,102400,102400
39649280,39653376,102400,102400,143360,102400,39657472,39653376,39641088,102400,102400,102400
39649280,39653376,102400,102400,143360,102400,39657472,39653376,39641088,102400,102400,102400
39649280,39653376,102400,102400,143360,102400,39657472,39653376,39641088,102400,102400,102400
39649280,39653376,102400,102400,143360,102400,39657472,39653376,39641088,102400,102400,102400
39649280,39653376,102400,102400,143360,102400,39657472,39653376,39641088,102400,102400,102400
39649280,39653376,102400,102400,143360,102400,39657472,39653376,39641088,102400,102400,102400
39649280,39653376,102400,102400,143360,102400,39657472,39653376,39641088,102400,102400,102400
39649280,39653376,102400,102400,143360,102400,39657472,39653376,39641088,102400,102400,102400
39649280,39653376,102400,102400,143360,102400,39657472,39653376,39641088,102400,102400,102400
39649280,39653376,102400,102400,143360,102400,39657472,39653376,39641088,102400,102400,102400
39649280,39653376,102400,102400,143360,102400,39657472,39653376,39641088,102400,102400,102400
39649280,39653376,102400,102400,143360,102400,39657472,39653376,39641088,102400,102400,102400
39649280,39653376,102400,102400,143360,102400,39657472,39653376,39641088,102400,102400,102400
39649280,39653376,102400,102400,143360,102400,39657472,39653376,39641088,102400,102400,102400
39649280,39653376,102400,102400,143360,102400,39657472,39653376,39641088,102400,102400,102400
39649280,39657472,102400,102400,143360,102400,39657472,39653376,39641088,102400,102400,102400
39649280,39657472,102400,102400,143360,102400,39657472,39653376,39641088,102400,102400,102400
39649280,39657472,102400,102400,143360,102400,39657472,39653376,39641088,102400,102400,102400
39653376,39657472,102400,102400,143360,102400,39657472,39653376,39641088,102400,102400,102400
39653376,39657472,102400,102400,143360,102400,39657472,39653376,39641088,102400,102400,102400
39653376,39657472,102400,102400,143360,102400,39657472,39653376,39641088,102400,102400,102400
39653376,39657472,102400,102400,143360,102400,39657472,39653376,39641088,102400,102400,102400
39653376,39657472,102400,102400,143360,102400,39657472,39653376,39641088,102400,102400,102400
39653376,39657472,102400,102400,143360,102400,39657472,39653376,39641088,102400,102400,102400
39653376,39657472,102400,102400,143360,102400,39657472,39653376,39641088,102400,102400,102400
39653376,39657472,102400,102400,143360,102400,39657472,39653376,39641088,102400,102400,102400
39653376,39862272,102400,102400,143360,102400,39657472,39653376,39641088,102400,102400,102400
39653376,39862272,102400,102400,143360,102400,39657472,39653376,39641088,102400,102400,102400
39653376,39862272,102400,102400,143360,102400,39657472,39653376,39641088,102400,102400,102400
39653376,39862272,102400,102400,143360,102400,39657472,39653376,39641088,102400,102400,102400
39653376,39862272,102400,102400,147456,102400,39657472,39653376,39641088,102400,102400,102400
39653376,39862272,102400,102400,147456,102400,39657472,39653376,39641088,102400,102400,102400
39653376,39862272,102400,102400,147456,102400,39657472,39866368,39641088,102400,102400,102400
39653376,39862272,102400,102400,147456,102400,39657472,39866368,39641088,102400,102400,102400
39653376,39862272,102400,102400,147456,102400,39657472,39866368,39641088,102400,102400,102400
39653376,39862272,102400,102400,147456,102400,39657472,39866368,39641088,102400,102400,102400
39653376,39862272,102400,102400,147456,102400,39657472,39866368,39641088,102400,102400,102400
39858176,39862272,102400,102400,147456,102400,39657472,39866368,39641088,102400,102400,102400
39858176,39862272,102400,102400,147456,102400,39657472,39866368,39641088,102400,102400,102400
39858176,39862272,102400,102400,147456,102400,39657472,39866368,39854080,102400,102400,102400
39858176,39862272,102400,102400,147456,102400,39657472,39866368,39854080,102400,102400,102400
39858176,39862272,102400,102400,147456,102400,39657472,39866368,39854080,102400,102400,102400
39858176,39862272,102400,102400,147456,102400,39657472,39866368,39854080,102400,102400,102400
39858176,39862272,102400,102400,147456,102400,39657472,39866368,39854080,102400,102400,102400
39858176,39862272,102400,102400,147456,102400,40259584,39866368,39854080,102400,102400,102400
39858176,39862272,102400,102400,147456,102400,40259584,39866368,39854080,102400,102400,102400
39858176,39862272,102400,102400,147456,102400,40259584,39866368,39854080,102400,102400,102400
39858176,40259584,102400,102400,147456,102400,40259584,39866368,40251392,102400,102400,102400
39858176,40259584,102400,102400,147456,102400,40259584,39866368,40251392,102400,102400,102400
40255488,40259584,102400,102400,147456,102400,40259584,40263680,40251392,102400,102400,102400
40255488,40259584,102400,102400,147456,102400,40259584,40263680,40251392,102400,102400,102400
40255488,40259584,102400,102400,147456,102400,40259584,40263680,40251392,102400,102400,102400
40255488,40259584,102400,102400,151552,102400,40259584,40263680,40251392,102400,102400,102400
40255488,40259584,102400,102400,151552,102400,40259584,40263680,40251392,102400,102400,102400
40255488,40259584,102400,102400,151552,102400,40259584,40263680,40251392,102400,102400,102400
40255488,40259584,102400,102400,151552,102400,40259584,40263680,40251392,102400,102400,102400
40255488,40259584,102400,102400,151552,102400,40259584,40263680,40251392,102400,102400,102400
40255488,40259584,102400,102400,151552,102400,40259584,40263680,40251392,102400,102400,102400
40255488,40259584,102400,102400,151552,102400,40259584,40263680,40251392,102400,102400,102400
40255488,40259584,102400,102400,151552,102400,40259584,40263680,40251392,102400,102400,102400
40255488,40259584,102400,102400,151552,102400,40259584,40263680,40251392,102400,102400,102400
40255488,40259584,102400,102400,151552,102400,40259584,40263680,40251392,102400,102400,102400
40255488,40259584,102400,102400,151552,102400,40259584,40263680,40251392,102400,102400,102400
40255488,40259584,102400,102400,151552,102400,40259584,40263680,40251392,102400,102400,102400
40255488,40259584,102400,102400,151552,102400,40259584,40263680,40251392,102400,102400,102400
40255488,40259584,102400,102400,151552,102400,40259584,40263680,40251392,102400,102400,102400
40255488,40259584,102400,102400,151552,102400,40259584,40263680,40251392,102400,102400,102400
40255488,40259584,102400,102400,151552,102400,40259584,40263680,40251392,102400,102400,102400
40255488,40259584,102400,102400,151552,102400,40259584,40263680,40251392,102400,102400,102400
40255488,40259584,102400,102400,151552,102400,40259584,40263680,40251392,102400,102400,102400
40255488,40259584,102400,102400,151552,102400,40259584,40263680,40251392,102400,102400,102400
40255488,40259584,102400,102400,151552,102400,40259584,40263680,40251392,102400,102400,102400
40255488,40259584,102400,102400,151552,102400,40259584,40263680,40251392,102400,102400,102400
40312832,40259584,102400,102400,151552,102400,40259584,40263680,40251392,102400,102400,102400
40312832,40259584,102400,102400,151552,102400,40259584,40263680,40251392,102400,102400,102400
40312832,40259584,102400,102400,151552,102400,40259584,40263680,40251392,102400,102400,102400
40312832,40259584,102400,102400,151552,102400,40259584,40263680,40251392,102400,102400,102400
40312832,40259584,102400,102400,151552,102400,40259584,40263680,40251392,102400,102400,102400
40312832,40259584,102400,102400,151552,102400,40259584,40263680,40251392,102400,102400,102400
40312832,40259584,102400,102400,151552,102400,40259584,40263680,40251392,102400,102400,102400
40312832,40259584,102400,102400,151552,102400,40284160,40263680,40275968,102400,102400,102400
40312832,40316928,102400,102400,151552,102400,40284160,40288256,40275968,102400,102400,102400
40312832,40316928,102400,102400,151552,102400,40316928,40288256,40312832,102400,102400,102400
40312832,40316928,102400,102400,151552,102400,40316928,40321024,40312832,102400,102400,102400
40312832,40316928,102400,102400,151552,102400,40316928,40321024,40312832,102400,102400,102400
40312832,40316928,102400,102400,151552,102400,40316928,40321024,40312832,102400,102400,102400
40312832,40316928,102400,102400,151552,102400,40316928,40321024,40312832,102400,102400,102400
40312832,40316928,102400,102400,151552,102400,40316928,40321024,40321024,102400,102400,102400
40312832,40316928,102400,102400,151552,102400,40316928,40321024,40321024,102400,102400,102400
40312832,40316928,102400,102400,151552,102400,40316928,40321024,40321024,102400,102400,102400
40312832,40316928,102400,102400,151552,102400,40316928,40321024,40321024,102400,102400,102400
40312832,40316928,102400,102400,151552,102400,40316928,40321024,40321024,102400,102400,102400
40312832,40316928,102400,102400,151552,102400,40316928,40321024,40321024,102400,102400,102400
40312832,40316928,102400,102400,151552,102400,40316928,40321024,40321024,102400,102400,102400
40312832,40316928,102400,102400,151552,102400,40316928,40321024,40321024,102400,102400,102400
40312832,40316928,102400,102400,159744,102400,40316928,40321024,40321024,102400,102400,102400
40312832,40316928,102400,102400,159744,102400,40316928,40325120,40321024,102400,102400,102400
40312832,40316928,102400,102400,159744,102400,40316928,40325120,40321024,102400,102400,102400
40312832,40321024,102400,102400,159744,102400,40321024,40325120,40321024,102400,102400,102400
40312832,40321024,102400,102400,159744,102400,40321024,40325120,40329216,102400,102400,102400
40316928,40321024,102400,102400,159744,102400,40321024,40325120,40329216,102400,102400,102400
40316928,40321024,102400,102400,196608,102400,40321024,40325120,40329216,102400,102400,102400
40316928,40321024,102400,102400,196608,102400,40321024,40325120,40329216,102400,102400,102400
40316928,40321024,102400,102400,196608,102400,40321024,40329216,40329216,102400,102400,102400
40316928,40321024,102400,102400,196608,102400,40321024,40329216,40333312,102400,102400,102400
40316928,40321024,102400,102400,196608,102400,40321024,40329216,40333312,102400,102400,102400
40316928,40321024,102400,102400,196608,102400,40321024,40329216,40333312,102400,102400,102400
40316928,40321024,102400,102400,196608,102400,40321024,40329216,40333312,102400,102400,102400
40316928,40321024,102400,102400,196608,102400,40321024,40329216,40333312,102400,102400,102400
40316928,40321024,102400,102400,196608,102400,40321024,40329216,40333312,102400,102400,102400
40316928,40321024,102400,102400,196608,102400,40321024,40329216,40333312,102400,102400,102400
40316928,40321024,102400,102400,196608,102400,40321024,40329216,40333312,102400,102400,102400
40316928,40321024,102400,102400,196608,102400,40321024,40329216,40333312,102400,102400,102400
40316928,40321024,102400,102400,196608,102400,40321024,40329216,40333312,102400,102400,102400
40316928,40321024,102400,102400,196608,102400,40321024,40329216,40333312,102400,102400,102400
40316928,40321024,102400,102400,196608,102400,40321024,40329216,40333312,102400,102400,102400
40316928,40321024,102400,102400,196608,102400,40321024,40329216,40333312,102400,102400,102400
40316928,40321024,102400,102400,196608,102400,40321024,40329216,40333312,102400,102400,102400
40316928,40321024,102400,102400,196608,102400,40321024,40329216,40333312,102400,102400,102400
40316928,40321024,102400,102400,196608,102400,40321024,40329216,40333312,102400,102400,102400
40316928,40321024,102400,102400,196608,102400,40321024,40329216,40333312,102400,102400,102400
40316928,40321024,102400,102400,196608,102400,40321024,40329216,40333312,102400,102400,102400
40316928,40321024,102400,102400,196608,102400,40321024,40329216,40333312,102400,102400,102400
40316928,40321024,102400,102400,196608,102400,40321024,40329216,40333312,102400,102400,102400
40316928,40321024,102400,102400,196608,102400,40321024,40329216,40333312,102400,102400,102400
40316928,40321024,102400,102400,196608,102400,40321024,40329216,40333312,102400,102400,102400
40316928,40321024,102400,102400,196608,102400,40321024,40329216,40333312,102400,102400,102400
40316928,40321024,102400,102400,196608,102400,40321024,40329216,40333312,102400,102400,102400
40316928,40321024,102400,102400,196608,102400,40321024,40329216,40333312,102400,102400,102400
40316928,40321024,102400,102400,196608,102400,40321024,40329216,40333312,102400,102400,102400
40316928,40321024,102400,102400,196608,102400,40321024,40329216,40333312,102400,102400,102400
40316928,40321024,102400,102400,196608,102400,40321024,40329216,40333312,102400,102400,102400
40316928,40321024,102400,102400,196608,102400,40321024,40329216,40333312,102400,102400,102400
40316928,40321024,102400,102400,196608,102400,40321024,40329216,40333312,102400,102400,102400
40316928,40321024,102400,102400,196608,102400,40321024,40329216,40333312,102400,102400,102400
40316928,40321024,102400,102400,196608,102400,40321024,40329216,40333312,102400,102400,102400
40316928,40321024,102400,102400,196608,102400,40321024,40329216,40333312,102400,102400,102400
40316928,40321024,102400,102400,196608,102400,40321024,40329216,40333312,102400,102400,102400
40316928,40321024,102400,102400,196608,102400,40321024,40329216,40333312,102400,102400,102400
40316928,40321024,102400,102400,196608,102400,40321024,40329216,40333312,102400,102400,102400
40316928,40321024,102400,102400,196608,102400,40321024,40329216,40333312,102400,102400,102400
40316928,40321024,102400,102400,196608,102400,40321024,40329216,40333312,102400,102400,102400
40316928,40321024,102400,102400,196608,102400,40321024,40329216,40333312,102400,102400,102400
40316928,40321024,102400,102400,196608,102400,40321024,40329216,40333312,102400,102400,102400
40316928,40321024,102400,102400,196608,102400,40321024,40329216,40333312,102400,102400,102400
40316928,40321024,102400,102400,196608,102400,40321024,40329216,40333312,102400,102400,102400
40316928,40321024,102400,102400,196608,102400,40321024,40329216,40333312,102400,102400,102400
40316928,40321024,102400,102400,196608,102400,40321024,40329216,40333312,102400,102400,102400
40316928,40321024,102400,102400,196608,102400,40321024,40329216,40333312,102400,102400,102400
40316928,40321024,102400,102400,196608,102400,40321024,40329216,40333312,102400,102400,102400
40316928,40321024,102400,102400,196608,102400,40321024,40329216,40333312,102400,102400,102400
40316928,40321024,102400,102400,196608,102400,40321024,40329216,40333312,102400,102400,102400
40316928,40321024,102400,102400,196608,102400,40321024,40329216,40333312,102400,102400,102400
40316928,40321024,102400,102400,196608,102400,40321024,40329216,40333312,102400,102400,102400
40316928,40321024,102400,102400,196608,102400,40321024,40329216,40333312,102400,102400,102400
40316928,40321024,102400,102400,196608,102400,40321024,40329216,40333312,102400,102400,102400
40316928,40321024,102400,102400,196608,102400,40321024,40329216,40333312,102400,102400,102400
40316928,40321024,102400,102400,196608,102400,40321024,40329216,40333312,102400,102400,102400
40316928,40321024,102400,102400,196608,102400,40321024,40329216,40333312,102400,102400,102400
40316928,40321024,102400,102400,196608,102400,40321024,40329216,40333312,102400,102400,102400
40316928,40321024,102400,102400,196608,102400,40321024,40329216,40333312,102400,102400,102400
40316928,40321024,102400,102400,196608,102400,40321024,40329216,40333312,102400,102400,102400
40316928,40321024,102400,102400,196608,102400,40321024,40329216,40333312,102400,102400,102400
40316928,40321024,102400,102400,196608,102400,40321024,40329216,40333312,102400,102400,102400
40316928,40321024,102400,102400,196608,102400,40321024,40329216,40333312,102400,102400,102400
40316928,40321024,102400,102400,196608,102400,40321024,40329216,40333312,102400,102400,102400
40316928,40321024,102400,102400,196608,102400,40321024,40329216,40333312,102400,102400,102400
40316928,40321024,102400,102400,196608,102400,40321024,40329216,40333312,102400,102400,102400
40316928,40321024,102400,102400,196608,102400,40321024,40329216,40333312,102400,102400,102400
40316928,40321024,102400,102400,196608,102400,40321024,40329216,40333312,102400,102400,102400
40316928,40321024,102400,102400,196608,102400,40321024,40329216,40333312,102400,102400,102400
40316928,40321024,102400,102400,196608,102400,40321024,40329216,40333312,102400,102400,102400
40316928,40321024,102400,102400,196608,102400,40321024,40329216,40333312,102400,102400,102400
40316928,40321024,102400,102400,196608,102400,40321024,40329216,40333312,102400,102400,102400
40316928,40321024,102400,102400,196608,102400,40321024,40329216,40333312,102400,102400,102400
40316928,40321024,102400,102400,196608,102400,40321024,40329216,40333312,102400,102400,102400
40316928,40321024,102400,102400,196608,102400,40321024,40329216,40333312,102400,102400,102400
40316928,40321024,102400,102400,196608,102400,40321024,40329216,40333312,102400,102400,102400
40316928,40321024,102400,102400,196608,102400,40321024,40329216,40333312,102400,102400,102400
40316928,40321024,102400,102400,196608,102400,40321024,40329216,40333312,102400,102400,102400
40316928,40321024,102400,102400,196608,102400,40321024,40329216,40333312,102400,102400,102400
40316928,40321024,102400,102400,196608,102400,40321024,40329216,40333312,102400,102400,102400
40316928,40321024,102400,102400,196608,102400,40321024,40329216,40333312,102400,102400,102400
40316928,40321024,102400,102400,196608,102400,40321024,40329216,40333312,102400,102400,102400
40316928,40321024,102400,102400,196608,102400,40321024,40329216,40333312,102400,102400,102400
40316928,40321024,102400,102400,196608,102400,40321024,40329216,40333312,102400,102400,102400
40316928,40321024,102400,102400,196608,102400,40321024,40329216,40333312,102400,102400,102400
40316928,40321024,102400,102400,196608,102400,40321024,40329216,40333312,102400,102400,102400
40316928,40321024,102400,102400,196608,102400,40321024,40329216,40333312,102400,102400,102400
40316928,40321024,102400,102400,196608,102400,40321024,40329216,40333312,102400,102400,102400
40316928,40321024,102400,102400,196608,102400,40321024,40329216,40333312,102400,102400,102400
40316928,40321024,102400,102400,196608,102400,40321024,40329216,40333312,102400,102400,102400
40316928,40321024,102400,102400,196608,102400,40321024,40329216,40333312,102400,102400,102400
40316928,40321024,102400,102400,196608,102400,40321024,40329216,40333312,102400,102400,102400
40316928,40321024,102400,102400,196608,102400,40321024,40329216,40333312,102400,102400,102400
40316928,40321024,102400,102400,196608,102400,40321024,40329216,40333312,102400,102400,102400
40316928,40321024,102400,102400,196608,102400,40321024,40329216,40333312,102400,102400,102400
40316928,40321024,102400,102400,196608,102400,40321024,40329216,40333312,102400,102400,102400
40316928,40321024,102400,102400,196608,102400,40321024,40329216,40333312,102400,102400,102400
40316928,40321024,102400,102400,196608,102400,40321024,40329216,40333312,102400,102400,102400
40316928,40321024,102400,102400,196608,102400,40321024,40329216,40333312,102400,102400,102400
40316928,40321024,102400,102400,196608,102400,40321024,40329216,40333312,102400,102400,102400
40316928,40321024,102400,102400,196608,102400,40321024,40329216,40333312,102400,102400,102400
40316928,40321024,102400,102400,196608,102400,40321024,40329216,40333312,102400,102400,102400
40316928,40321024,102400,102400,196608,102400,40321024,40329216,40333312,102400,102400,102400
40316928,40321024,102400,102400,196608,102400,40321024,40329216,40333312,102400,102400,102400
40316928,40321024,102400,102400,196608,102400,40321024,40329216,40333312,102400,102400,102400
40316928,40321024,102400,102400,196608,102400,40321024,40329216,40333312,102400,102400,102400
40316928,40321024,102400,102400,196608,102400,40321024,40329216,40333312,102400,102400,102400
40316928,40321024,102400,102400,196608,102400,40321024,40329216,40333312,102400,102400,102400
40316928,40321024,102400,102400,196608,102400,40321024,40329216,40333312,102400,102400,102400
40316928,40321024,102400,102400,196608,102400,40321024,40329216,40333312,102400,102400,102400
40316928,40321024,102400,102400,196608,102400,40321024,40329216,40333312,102400,102400,102400
40316928,40321024,102400,102400,196608,102400,40321024,40329216,40333312,102400,102400,102400
40316928,40321024,102400,102400,196608,102400,40321024,40329216,40333312,102400,102400,102400
40316928,40321024,102400,102400,196608,102400,40321024,40329216,40333312,102400,102400,102400
40316928,40321024,102400,102400,196608,102400,40321024,40329216,40333312,102400,102400,102400
40316928,40321024,102400,102400,196608,102400,40321024,40329216,40333312,102400,102400,102400
40316928,40321024,102400,102400,196608,102400,40321024,40329216,40333312,102400,102400,102400
40316928,40321024,102400,102400,196608,102400,40321024,40329216,40333312,102400,102400,102400
40316928,40321024,102400,102400,196608,102400,40321024,40329216,40333312,102400,102400,102400
40316928,40321024,102400,102400,196608,102400,40321024,40329216,40333312,102400,102400,102400
40316928,40321024,102400,102400,196608,102400,40321024,40329216,40333312,102400,102400,102400
40316928,40321024,102400,102400,196608,102400,40321024,40329216,40333312,102400,102400,102400
40316928,40321024,102400,102400,196608,102400,40321024,40329216,40333312,102400,102400,102400
40316928,40321024,102400,102400,196608,102400,40321024,40329216,40333312,102400,102400,102400
40316928,40321024,102400,102400,196608,102400,40321024,40329216,40333312,102400,102400,102400
40316928,40321024,102400,102400,196608,102400,40321024,40329216,40333312,102400,102400,102400
40316928,40321024,102400,102400,196608,102400,40321024,40329216,40333312,102400,102400,102400
40316928,40321024,102400,102400,196608,102400,40321024,40329216,40333312,102400,102400,102400
40316928,40321024,102400,102400,196608,102400,40321024,40329216,40333312,102400,102400,102400
40316928,40321024,102400,102400,196608,102400,40321024,40329216,40333312,102400,102400,102400
40316928,40321024,102400,102400,196608,102400,40321024,40329216,40333312,102400,102400,102400
40316928,40321024,102400,102400,196608,102400,40321024,40329216,40333312,102400,102400,102400
40316928,40321024,102400,102400,196608,102400,40321024,40329216,40333312,102400,102400,102400
40316928,40321024,102400,102400,196608,102400,40321024,40329216,40333312,102400,102400,102400
40316928,40321024,102400,102400,196608,102400,40325120,40329216,40333312,102400,102400,102400
40316928,40321024,102400,102400,196608,102400,40325120,40329216,40333312,102400,102400,102400
40316928,40321024,102400,102400,196608,102400,40325120,40329216,40333312,102400,102400,102400
40316928,40321024,102400,102400,196608,102400,40325120,40333312,40333312,102400,102400,102400
40316928,40321024,102400,102400,196608,102400,40325120,40333312,40333312,102400,102400,102400
40316928,40321024,102400,102400,196608,102400,40325120,40333312,40337408,102400,102400,102400
40316928,40321024,102400,102400,196608,102400,40325120,40333312,40337408,102400,102400,102400
40316928,40321024,102400,102400,196608,102400,40325120,40333312,40337408,102400,102400,102400
40316928,40321024,102400,102400,196608,102400,40325120,40333312,40337408,102400,102400,102400
40316928,40321024,102400,102400,196608,102400,40325120,40333312,40337408,102400,102400,102400
40316928,40321024,102400,102400,196608,102400,40325120,40333312,40337408,102400,102400,102400
40316928,40321024,102400,102400,196608,102400,40325120,40333312,40337408,102400,102400,102400
40316928,40321024,102400,102400,196608,102400,40325120,40333312,40337408,102400,102400,102400
40316928,40321024,102400,102400,196608,102400,40325120,40333312,40337408,102400,102400,102400
40316928,40321024,102400,102400,196608,102400,40325120,40333312,40337408,102400,102400,102400
40316928,40321024,102400,102400,196608,102400,40325120,40333312,40337408,102400,102400,102400
40316928,40321024,102400,102400,196608,102400,40325120,40333312,40337408,102400,102400,102400
40316928,40321024,102400,102400,196608,102400,40325120,40333312,40337408,102400,102400,102400
40316928,40321024,102400,102400,196608,102400,40325120,40333312,40337408,102400,102400,102400
40316928,40321024,102400,102400,196608,102400,40325120,40333312,40337408,102400,102400,102400
40316928,40321024,102400,102400,196608,102400,40325120,40333312,40337408,102400,102400,102400
40316928,40321024,102400,102400,196608,102400,40325120,40333312,40337408,102400,102400,102400
40316928,40321024,102400,102400,196608,102400,40325120,40333312,40337408,102400,102400,102400
40316928,40321024,102400,102400,196608,102400,40325120,40333312,40337408,102400,102400,102400
40316928,40321024,102400,102400,196608,102400,40325120,40333312,40337408,102400,102400,102400
40316928,40321024,102400,102400,196608,102400,40325120,40333312,40337408,102400,102400,102400
40316928,40321024,102400,102400,196608,102400,40325120,40333312,40337408,102400,102400,102400
40316928,40321024,102400,102400,196608,102400,40325120,40333312,40337408,102400,102400,102400
40316928,40321024,102400,102400,196608,102400,40325120,40333312,40337408,102400,102400,102400
40316928,40321024,102400,102400,196608,102400,40325120,40333312,40337408,102400,102400,102400
40316928,40321024,102400,102400,196608,102400,40325120,40333312,40337408,102400,102400,102400
40316928,40321024,102400,102400,196608,102400,40325120,40333312,40337408,102400,102400,102400
40316928,40321024,102400,102400,196608,102400,40325120,40333312,40337408,102400,102400,102400
40316928,40321024,102400,102400,196608,102400,40325120,40333312,40337408,102400,102400,102400
40316928,40321024,102400,102400,196608,102400,40325120,40333312,40337408,102400,102400,102400
40316928,40321024,102400,102400,196608,102400,40325120,40333312,40337408,102400,102400,102400
40316928,40321024,102400,102400,196608,102400,40325120,40333312,40337408,102400,102400,102400
40316928,40321024,102400,102400,196608,102400,40325120,40333312,40337408,102400,102400,102400
40316928,40321024,102400,102400,196608,102400,40325120,40333312,40337408,102400,102400,102400
40316928,40321024,102400,102400,196608,102400,40325120,40333312,40337408,102400,102400,102400
40316928,40321024,102400,102400,196608,102400,40325120,40333312,40337408,102400,102400,102400
40316928,40321024,102400,102400,196608,102400,40325120,40333312,40337408,102400,102400,102400
40316928,40321024,102400,102400,196608,102400,40325120,40333312,40337408,102400,102400,102400
40316928,40321024,102400,102400,196608,102400,40325120,40333312,40337408,102400,102400,102400
40316928,40321024,102400,102400,196608,102400,40325120,40333312,40337408,102400,102400,102400
40316928,40321024,102400,102400,196608,102400,40325120,40333312,40337408,102400,102400,102400
40316928,40321024,102400,102400,196608,102400,40325120,40333312,40337408,102400,102400,102400
40316928,40321024,102400,102400,196608,102400,40325120,40333312,40337408,102400,102400,102400
40316928,40321024,102400,102400,196608,102400,40325120,40333312,40337408,102400,102400,102400
40316928,40321024,102400,102400,196608,102400,40325120,40333312,40337408,102400,102400,102400
40316928,40321024,102400,102400,196608,102400,40325120,40333312,40337408,102400,102400,102400
40316928,40321024,102400,102400,196608,102400,40325120,40333312,40337408,102400,102400,102400
40316928,40321024,102400,102400,196608,102400,40325120,40333312,40337408,102400,102400,102400
40316928,40321024,102400,102400,196608,102400,40325120,40333312,40337408,102400,102400,102400
40316928,40321024,102400,102400,196608,102400,40325120,40333312,40337408,102400,102400,102400
40316928,40321024,102400,102400,196608,102400,40325120,40333312,40337408,102400,102400,102400
40316928,40321024,102400,102400,196608,102400,40325120,40333312,40337408,102400,102400,102400
40316928,40321024,102400,102400,196608,102400,40325120,40333312,40337408,102400,102400,102400
40316928,40321024,102400,102400,196608,102400,40325120,40333312,40337408,102400,102400,102400
40316928,40321024,102400,102400,196608,102400,40325120,40333312,40337408,102400,102400,102400
40316928,40321024,102400,102400,196608,102400,40325120,40333312,40337408,102400,102400,102400
40316928,40321024,102400,102400,196608,102400,40325120,40333312,40337408,102400,102400,102400
40316928,40321024,102400,102400,196608,102400,40325120,40333312,40337408,102400,102400,102400
40316928,40321024,102400,102400,196608,102400,40325120,40333312,40337408,102400,102400,102400
40321024,40321024,102400,102400,196608,102400,40325120,40333312,40337408,102400,102400,102400
40321024,40321024,102400,102400,196608,102400,40325120,40333312,40337408,102400,102400,102400
40321024,40321024,102400,102400,196608,102400,40325120,40333312,40337408,102400,102400,102400
40321024,40325120,102400,102400,196608,102400,40325120,40333312,40337408,102400,102400,102400
40321024,40325120,102400,102400,192512,102400,40325120,40333312,40337408,102400,102400,102400
40321024,40325120,102400,102400,192512,102400,40325120,40333312,40337408,102400,102400,102400
40321024,40325120,102400,102400,192512,102400,40325120,40333312,40337408,102400,102400,102400
40321024,40325120,102400,102400,192512,102400,40325120,40333312,40337408,102400,102400,102400
40321024,40325120,102400,102400,192512,102400,40325120,40333312,40337408,102400,102400,102400
40321024,39927808,102400,102400,192512,102400,40325120,40333312,40337408,102400,102400,102400
40321024,39927808,102400,102400,192512,102400,40325120,40333312,40337408,102400,102400,102400
40321024,39927808,102400,102400,192512,102400,40325120,40333312,40337408,102400,102400,102400
40321024,39927808,102400,102400,196608,102400,40325120,40333312,40337408,102400,102400,102400
40321024,39927808,102400,102400,196608,102400,40325120,40333312,40337408,102400,102400,102400
40321024,39927808,102400,102400,196608,102400,40325120,40333312,40337408,102400,102400,102400
40321024,39927808,102400,102400,196608,102400,40325120,39940096,40337408,102400,102400,102400
40321024,39927808,102400,102400,196608,102400,40325120,39940096,40337408,102400,102400,102400
40321024,39927808,102400,102400,196608,102400,40325120,39940096,40337408,102400,102400,102400
40321024,39927808,102400,102400,196608,102400,40325120,39940096,40337408,102400,102400,102400
39923712,39927808,102400,102400,196608,102400,40325120,39940096,40337408,102400,102400,102400
39923712,39927808,102400,102400,196608,102400,40325120,39940096,40337408,102400,102400,102400
39923712,39927808,102400,102400,196608,102400,40325120,39940096,40337408,102400,102400,102400
39923712,39927808,102400,102400,196608,102400,40325120,39940096,40337408,102400,102400,102400
39923712,39927808,102400,102400,196608,102400,40325120,39940096,40337408,102400,102400,102400
39923712,39927808,102400,102400,196608,102400,40325120,39940096,40337408,102400,102400,102400
39923712,39927808,102400,102400,196608,102400,40325120,39940096,39940096,102400,102400,102400
39923712,39927808,102400,102400,196608,102400,40325120,39940096,39940096,102400,102400,102400
39923712,39927808,102400,102400,196608,102400,40325120,39940096,39940096,102400,102400,102400
39923712,39927808,102400,102400,196608,102400,40325120,39940096,39940096,102400,102400,102400
39923712,39927808,102400,102400,196608,102400,40325120,39940096,39940096,102400,102400,102400
39923712,40325120,102400,102400,196608,102400,40325120,39940096,39940096,102400,102400,102400
40321024,40325120,102400,102400,196608,102400,40325120,39940096,39940096,102400,102400,102400
40321024,40325120,102400,102400,196608,102400,40325120,40345600,39940096,102400,102400,102400
40321024,40325120,102400,102400,196608,102400,40325120,40345600,40341504,102400,102400,102400
40321024,40325120,102400,102400,200704,102400,40325120,40345600,40341504,102400,102400,102400
40321024,40325120,102400,102400,200704,102400,40325120,40345600,40341504,102400,102400,102400
40321024,40325120,102400,102400,200704,102400,40325120,40345600,40341504,102400,102400,102400
40321024,40325120,102400,102400,200704,102400,40325120,40345600,40341504,102400,102400,102400
40321024,40325120,102400,102400,200704,102400,40325120,40345600,40341504,102400,102400,102400
40321024,40325120,102400,102400,200704,102400,40325120,40345600,40341504,102400,102400,102400
40321024,40325120,102400,102400,200704,102400,40325120,40345600,40341504,102400,102400,102400
40321024,40325120,102400,102400,200704,102400,40325120,40345600,40341504,102400,102400,102400
40321024,40325120,102400,102400,200704,102400,40325120,40345600,40341504,102400,102400,102400
40321024,40325120,102400,102400,200704,102400,40325120,40345600,40341504,102400,102400,102400
40321024,40325120,102400,102400,200704,102400,40325120,40345600,40341504,102400,102400,102400
40321024,40325120,102400,102400,200704,102400,40325120,40345600,40341504,102400,102400,102400
40321024,40325120,102400,102400,200704,102400,40325120,40345600,40341504,102400,102400,102400
40321024,40325120,102400,102400,200704,102400,40325120,40345600,40341504,102400,102400,102400
40321024,40325120,102400,102400,200704,102400,40325120,40345600,40341504,102400,102400,102400
40321024,40325120,102400,102400,200704,102400,40325120,40345600,40341504,102400,102400,102400
40321024,40325120,102400,102400,200704,102400,40325120,40345600,40341504,102400,102400,102400
40321024,40325120,102400,102400,200704,102400,40325120,40345600,40341504,102400,102400,102400
40321024,40325120,102400,102400,200704,102400,40325120,40345600,40341504,102400,102400,102400
40321024,40325120,102400,102400,200704,102400,40325120,40345600,40341504,102400,102400,102400
40321024,40325120,102400,102400,200704,102400,40325120,40345600,40341504,102400,102400,102400
40321024,40325120,102400,102400,200704,102400,40325120,40345600,40341504,102400,102400,102400
40321024,40325120,102400,102400,200704,102400,40325120,40345600,40341504,102400,102400,102400
40321024,40325120,102400,102400,200704,102400,40325120,40345600,40341504,102400,102400,102400
40321024,40325120,102400,102400,200704,102400,40325120,40345600,40345600,102400,102400,102400
40321024,40325120,102400,102400,200704,102400,40325120,40345600,40345600,102400,102400,102400
40321024,40325120,102400,102400,200704,102400,40325120,40345600,40345600,102400,102400,102400
40321024,40325120,102400,102400,200704,102400,40325120,40345600,40345600,102400,102400,102400
40321024,40325120,102400,102400,200704,102400,40325120,40345600,40345600,102400,102400,102400
40321024,40325120,102400,102400,200704,102400,40325120,40345600,40345600,102400,102400,102400
40321024,40325120,102400,102400,200704,102400,40325120,40345600,40345600,102400,102400,102400
40321024,40325120,102400,102400,200704,102400,40325120,40345600,40345600,102400,102400,102400
40321024,40325120,102400,102400,200704,102400,40329216,40345600,40345600,102400,102400,102400
40321024,40325120,102400,102400,200704,102400,40329216,40345600,40345600,102400,102400,102400
40321024,40325120,102400,102400,200704,102400,40329216,40345600,40345600,102400,102400,102400
40321024,40325120,102400,102400,200704,102400,40329216,40345600,40345600,102400,102400,102400
40321024,40325120,102400,102400,200704,102400,40329216,40345600,40345600,102400,102400,102400
40321024,40325120,102400,102400,200704,102400,40329216,40345600,40345600,102400,102400,102400
40321024,40325120,102400,102400,200704,102400,40329216,40345600,40345600,102400,102400,102400
40321024,40325120,102400,102400,200704,102400,40329216,40345600,40345600,102400,102400,102400
40321024,40325120,102400,102400,200704,102400,40329216,40345600,40345600,102400,102400,102400
40321024,40325120,102400,102400,200704,102400,40329216,40345600,40345600,102400,102400,102400
40321024,40329216,102400,102400,208896,102400,40329216,40345600,40345600,102400,102400,102400
40321024,40329216,102400,102400,208896,102400,40329216,40345600,40345600,102400,102400,102400
40321024,40329216,102400,102400,208896,102400,40329216,40345600,40345600,102400,102400,102400
40325120,40329216,102400,102400,208896,102400,40333312,40345600,40349696,102400,102400,102400
40325120,40329216,102400,102400,208896,102400,40333312,40349696,40349696,102400,102400,102400
40325120,40329216,102400,102400,245760,102400,40333312,40349696,40349696,102400,102400,102400
40325120,40329216,102400,102400,245760,102400,40333312,40349696,40349696,102400,102400,102400
40325120,40329216,102400,102400,245760,102400,40333312,40349696,40349696,102400,102400,102400
40325120,40329216,102400,102400,245760,102400,40333312,40349696,40353792,102400,102400,102400
40325120,40329216,102400,102400,245760,102400,40333312,40349696,40353792,102400,102400,102400
40325120,40329216,102400,102400,245760,102400,40333312,40349696,40353792,102400,102400,102400
40325120,40329216,102400,102400,245760,102400,40333312,40349696,40353792,102400,102400,102400
40325120,40329216,102400,102400,245760,102400,40333312,40349696,40353792,102400,102400,102400
40325120,40329216,102400,102400,245760,102400,40333312,40349696,40353792,102400,102400,102400
40325120,40329216,102400,102400,245760,102400,40333312,40349696,40353792,102400,102400,102400
40325120,40329216,102400,102400,245760,102400,40333312,40349696,40353792,102400,102400,102400
40325120,40329216,102400,102400,245760,102400,40333312,40349696,40353792,102400,102400,102400
40325120,40329216,102400,102400,245760,102400,40333312,40349696,40353792,102400,102400,102400
40325120,40329216,102400,102400,245760,102400,40333312,40349696,40353792,102400,102400,102400
40325120,40329216,102400,102400,245760,102400,40333312,40349696,40353792,102400,102400,102400
40325120,40329216,102400,102400,245760,102400,40333312,40349696,40353792,102400,102400,102400
40325120,40329216,102400,102400,245760,102400,40333312,40349696,40353792,102400,102400,102400
40325120,40329216,102400,102400,245760,102400,40333312,40349696,40353792,102400,102400,102400
40325120,40329216,102400,102400,245760,102400,40333312,40349696,40353792,102400,102400,102400
40325120,40329216,102400,102400,245760,102400,40333312,40349696,40353792,102400,102400,102400
40325120,40329216,102400,102400,245760,102400,40333312,40349696,40353792,102400,102400,102400
40325120,40329216,102400,102400,245760,102400,40333312,40349696,40353792,102400,102400,102400
40325120,40329216,102400,102400,245760,102400,40333312,40349696,40353792,102400,102400,102400
40325120,40329216,102400,102400,245760,102400,40333312,40349696,40353792,102400,102400,102400
40325120,40329216,102400,102400,245760,102400,40333312,40349696,40353792,102400,102400,102400
40325120,40329216,102400,102400,245760,102400,40333312,40349696,40353792,102400,102400,102400
40325120,40329216,102400,102400,245760,102400,40333312,40349696,40353792,102400,102400,102400
40325120,40329216,102400,102400,245760,102400,40333312,40349696,40353792,102400,102400,102400
40325120,40329216,102400,102400,245760,102400,40333312,40349696,40353792,102400,102400,102400
40325120,40329216,102400,102400,245760,102400,40333312,40349696,40353792,102400,102400,102400
40325120,40329216,102400,102400,245760,102400,40333312,40349696,40353792,102400,102400,102400
40325120,40329216,102400,102400,245760,102400,40333312,40349696,40353792,102400,102400,102400
40325120,40329216,102400,102400,245760,102400,40333312,40349696,40353792,102400,102400,102400
40325120,40329216,102400,102400,245760,102400,40333312,40349696,40353792,102400,102400,102400
40325120,40329216,102400,102400,245760,102400,40333312,40349696,40353792,102400,102400,102400
40325120,40329216,102400,102400,245760,102400,40333312,40349696,40353792,102400,102400,102400
40325120,40329216,102400,102400,245760,102400,40333312,40349696,40353792,102400,102400,102400
40325120,40329216,102400,102400,245760,102400,40333312,40349696,40353792,102400,102400,102400
40325120,40329216,102400,102400,245760,102400,40333312,40349696,40353792,102400,102400,102400
40325120,40329216,102400,102400,245760,102400,40333312,40349696,40353792,102400,102400,102400
40325120,40329216,102400,102400,245760,102400,40333312,40349696,40353792,102400,102400,102400
40325120,40329216,102400,102400,245760,102400,40333312,40349696,40353792,102400,102400,102400
40325120,40329216,102400,102400,245760,102400,40333312,40349696,40353792,102400,102400,102400
40325120,40329216,102400,102400,245760,102400,40333312,40349696,40353792,102400,102400,102400
40325120,40329216,102400,102400,245760,102400,40333312,40349696,40353792,102400,102400,102400
40325120,40329216,102400,102400,245760,102400,40333312,40349696,40353792,102400,102400,102400
40325120,40329216,102400,102400,245760,102400,40333312,40349696,40353792,102400,102400,102400
40325120,40329216,102400,102400,245760,102400,40333312,40349696,40353792,102400,102400,102400
40325120,40329216,102400,102400,245760,102400,40333312,40349696,40353792,102400,102400,102400
40325120,40329216,102400,102400,245760,102400,40333312,40349696,40353792,102400,102400,102400
40325120,40329216,102400,102400,245760,102400,40333312,40349696,40353792,102400,102400,102400
40325120,40329216,102400,102400,245760,102400,40333312,40349696,40353792,102400,102400,102400
40325120,40329216,102400,102400,245760,102400,40333312,40349696,40353792,102400,102400,102400
40325120,40329216,102400,102400,245760,102400,40333312,40349696,40353792,102400,102400,102400
40325120,40329216,102400,102400,245760,102400,40333312,40349696,40353792,102400,102400,102400
40325120,40329216,102400,102400,245760,102400,40333312,40349696,40353792,102400,102400,102400
40325120,40329216,102400,102400,245760,102400,40333312,40349696,40353792,102400,102400,102400
40325120,40329216,102400,102400,245760,102400,40333312,40349696,40353792,102400,102400,102400
40325120,40329216,102400,102400,245760,102400,40333312,40349696,40353792,102400,102400,102400
40325120,40329216,102400,102400,245760,102400,40333312,40349696,40353792,102400,102400,102400
40325120,40329216,102400,102400,245760,102400,40333312,40349696,40353792,102400,102400,102400
40325120,40329216,102400,102400,245760,102400,40333312,40349696,40353792,102400,102400,102400
40325120,40329216,102400,102400,245760,102400,40333312,40349696,40353792,102400,102400,102400
40325120,40329216,102400,102400,245760,102400,40333312,40349696,40353792,102400,102400,102400
40325120,40329216,102400,102400,245760,102400,40333312,40349696,40353792,102400,102400,102400
40325120,40329216,102400,102400,245760,102400,40333312,40349696,40353792,102400,102400,102400
40325120,40329216,102400,102400,245760,102400,40333312,40349696,40353792,102400,102400,102400
40325120,40329216,102400,102400,245760,102400,40333312,40349696,40353792,102400,102400,102400
40325120,40329216,102400,102400,245760,102400,40333312,40349696,40353792,102400,102400,102400
40325120,40329216,102400,102400,245760,102400,40333312,40349696,40353792,102400,102400,102400
40325120,40329216,102400,102400,245760,102400,40333312,40349696,40353792,102400,102400,102400
40325120,40329216,102400,102400,245760,102400,40333312,40349696,40353792,102400,102400,102400
40325120,40329216,102400,102400,245760,102400,40333312,40349696,40353792,102400,102400,102400
40325120,40329216,102400,102400,245760,102400,40333312,40349696,40353792,102400,102400,102400
40325120,40329216,102400,102400,245760,102400,40333312,40349696,40353792,102400,102400,102400
40325120,40329216,102400,102400,245760,102400,40333312,40349696,40353792,102400,102400,102400
40325120,40329216,102400,102400,245760,102400,40333312,40349696,40353792,102400,102400,102400
40325120,40329216,102400,102400,245760,102400,40333312,40349696,40353792,102400,102400,102400
40325120,40329216,102400,102400,245760,102400,40333312,40349696,40353792,102400,102400,102400
40325120,40329216,102400,102400,245760,102400,40333312,40349696,40353792,102400,102400,102400
40325120,40329216,102400,102400,245760,102400,40333312,40349696,40353792,102400,102400,102400
40325120,40329216,102400,102400,245760,102400,40333312,40349696,40353792,102400,102400,102400
40325120,40329216,102400,102400,245760,102400,40333312,40349696,40353792,102400,102400,102400
40325120,40329216,102400,102400,245760,102400,40333312,40349696,40353792,102400,102400,102400
40325120,40329216,102400,102400,245760,102400,40333312,40349696,40353792,102400,102400,102400
40325120,40329216,102400,102400,245760,102400,40333312,40349696,40353792,102400,102400,102400
40325120,40329216,102400,102400,245760,102400,40333312,40349696,40353792,102400,102400,102400
40325120,40329216,102400,102400,245760,102400,40333312,40349696,40353792,102400,102400,102400
40325120,40329216,102400,102400,245760,102400,40333312,40349696,40353792,102400,102400,102400
40325120,40329216,102400,102400,245760,102400,40333312,40349696,40353792,102400,102400,102400
40325120,40329216,102400,102400,245760,102400,40333312,40349696,40353792,102400,102400,102400
40325120,40329216,102400,102400,245760,102400,40333312,40349696,40353792,102400,102400,102400
40325120,40329216,102400,102400,245760,102400,40333312,40349696,40353792,102400,102400,102400
40325120,40329216,102400,102400,245760,102400,40333312,40349696,40353792,102400,102400,102400
40325120,40329216,102400,102400,245760,102400,40333312,40349696,40353792,102400,102400,102400
40325120,40329216,102400,102400,245760,102400,40333312,40349696,40353792,102400,102400,102400
40325120,40329216,102400,102400,245760,102400,40333312,40349696,40353792,102400,102400,102400
40325120,40329216,102400,102400,245760,102400,40333312,40349696,40353792,102400,102400,102400
40325120,40329216,102400,102400,245760,102400,40333312,40349696,40353792,102400,102400,102400
40325120,40329216,102400,102400,245760,102400,40333312,40349696,40353792,102400,102400,102400
40325120,40329216,102400,102400,245760,102400,40333312,40349696,40353792,102400,102400,102400
40325120,40329216,102400,102400,245760,102400,40333312,40349696,40353792,102400,102400,102400
40325120,40329216,102400,102400,245760,102400,40333312,40349696,40353792,102400,102400,102400
40325120,40329216,102400,102400,245760,102400,40333312,40349696,40353792,102400,102400,102400
40325120,40329216,102400,102400,245760,102400,40333312,40349696,40353792,102400,102400,102400
40325120,40329216,102400,102400,245760,102400,40333312,40349696,40353792,102400,102400,102400
40325120,40329216,102400,102400,245760,102400,40333312,40349696,40353792,102400,102400,102400
40325120,40329216,102400,102400,245760,102400,40333312,40349696,40353792,102400,102400,102400
40325120,40329216,102400,102400,245760,102400,40333312,40349696,40353792,102400,102400,102400
40325120,40329216,102400,102400,245760,102400,40333312,40349696,40353792,102400,102400,102400
40325120,40329216,102400,102400,245760,102400,40333312,40349696,40353792,102400,102400,102400
40325120,40329216,102400,102400,245760,102400,40333312,40349696,40353792,102400,102400,102400
40325120,40329216,102400,102400,245760,102400,40333312,40349696,40353792,102400,102400,102400
40325120,40329216,102400,102400,245760,102400,40333312,40349696,40353792,102400,102400,102400
40325120,40329216,102400,102400,245760,102400,40333312,40349696,40353792,102400,102400,102400
40325120,40329216,102400,102400,245760,102400,40333312,40349696,40353792,102400,102400,102400
40325120,40329216,102400,102400,245760,102400,40333312,40349696,40353792,102400,102400,102400
40325120,40329216,102400,102400,245760,102400,40333312,40349696,40353792,102400,102400,102400
40325120,40329216,102400,102400,245760,102400,40333312,40349696,40353792,102400,102400,102400
40325120,40329216,102400,102400,245760,102400,40333312,40349696,40353792,102400,102400,102400
40325120,40329216,102400,102400,245760,102400,40333312,40349696,40353792,102400,102400,102400
40325120,40329216,102400,102400,245760,102400,40333312,40349696,40353792,102400,102400,102400
40325120,40329216,102400,102400,245760,102400,40333312,40349696,40353792,102400,102400,102400
40325120,40329216,102400,102400,245760,102400,40333312,40349696,40353792,102400,102400,102400
40325120,40329216,102400,102400,245760,102400,40333312,40349696,40353792,102400,102400,102400
40325120,40329216,102400,102400,245760,102400,40333312,40349696,40353792,102400,102400,102400
40325120,40329216,102400,102400,245760,102400,40333312,40349696,40353792,102400,102400,102400
40325120,40329216,102400,102400,245760,102400,40333312,40349696,40353792,102400,102400,102400
40325120,40329216,102400,102400,245760,102400,40333312,40349696,40353792,102400,102400,102400
40325120,40329216,102400,102400,245760,102400,40333312,40349696,40353792,102400,102400,102400
40325120,40329216,102400,102400,245760,102400,40333312,40349696,40353792,102400,102400,102400
40325120,40329216,102400,102400,245760,102400,40333312,40349696,40353792,102400,102400,102400
40325120,40329216,102400,102400,245760,102400,40333312,40349696,40353792,102400,102400,102400
40325120,40329216,102400,102400,245760,102400,40333312,40349696,40353792,102400,102400,102400
40325120,40329216,102400,102400,245760,102400,40333312,40349696,40353792,102400,102400,102400
40325120,40329216,102400,102400,245760,102400,40333312,40349696,40353792,102400,102400,102400
40325120,40329216,102400,102400,245760,102400,40333312,40349696,40353792,102400,102400,102400
40325120,40329216,102400,102400,245760,102400,40333312,40349696,40353792,102400,102400,102400
40325120,40329216,102400,102400,245760,102400,40333312,40349696,40353792,102400,102400,102400
40325120,40329216,102400,102400,245760,102400,40333312,40349696,40353792,102400,102400,102400
40325120,40329216,102400,102400,245760,102400,40333312,40349696,40353792,102400,102400,102400
40325120,40329216,102400,102400,245760,102400,40333312,40349696,40353792,102400,102400,102400
40325120,40329216,102400,102400,245760,102400,40333312,40349696,40353792,102400,102400,102400
40325120,40329216,102400,102400,245760,102400,40333312,40349696,40353792,102400,102400,102400
40325120,40329216,102400,102400,245760,102400,40333312,40349696,40353792,102400,102400,102400
40325120,40329216,102400,102400,245760,102400,40333312,40349696,40353792,102400,102400,102400
40325120,40329216,102400,102400,245760,102400,40333312,40349696,40353792,102400,102400,102400
40325120,40329216,102400,102400,245760,102400,40333312,40349696,40353792,102400,102400,102400
40325120,40329216,102400,102400,245760,102400,40333312,40349696,40353792,102400,102400,102400
40325120,40329216,102400,102400,245760,102400,40333312,40349696,40353792,102400,102400,102400
40325120,40329216,102400,102400,245760,102400,40333312,40349696,40353792,102400,102400,102400
40325120,40329216,102400,102400,245760,102400,40333312,40349696,40353792,102400,102400,102400
40325120,40329216,102400,102400,245760,102400,40333312,40357888,40353792,102400,102400,102400
40325120,40329216,102400,102400,245760,102400,40333312,40357888,40353792,102400,102400,102400
40325120,40329216,102400,102400,245760,102400,40341504,40357888,40361984,102400,102400,102400
40325120,40329216,102400,102400,245760,102400,40341504,40357888,40361984,102400,102400,102400
40325120,40329216,102400,102400,245760,102400,40341504,40357888,40361984,102400,102400,102400
40325120,40329216,102400,102400,245760,102400,40341504,40357888,40361984,102400,102400,102400
40325120,40329216,102400,102400,245760,102400,40341504,40357888,40361984,102400,102400,102400
40325120,40329216,102400,102400,245760,102400,40341504,40357888,40361984,102400,102400,102400
40325120,40329216,102400,102400,245760,102400,40341504,40357888,40361984,102400,102400,102400
40325120,40329216,102400,102400,245760,102400,40341504,40357888,40361984,102400,102400,102400
40325120,40329216,102400,102400,245760,102400,40341504,40357888,40361984,102400,102400,102400
40325120,40329216,102400,102400,245760,102400,40341504,40357888,40361984,102400,102400,102400
40325120,40329216,102400,102400,245760,102400,40341504,40357888,40361984,102400,102400,102400
40325120,40329216,102400,102400,245760,102400,40341504,40357888,40361984,102400,102400,102400
40325120,40329216,102400,102400,245760,102400,40341504,40357888,40361984,102400,102400,102400
40325120,40329216,102400,102400,245760,102400,40341504,40357888,40361984,102400,102400,102400
40325120,40329216,102400,102400,245760,102400,40341504,40357888,40361984,102400,102400,102400
40325120,40329216,102400,102400,245760,102400,40341504,40357888,40361984,102400,102400,102400
40325120,40329216,102400,102400,245760,102400,40341504,40357888,40361984,102400,102400,102400
40325120,40329216,102400,102400,245760,102400,40341504,40357888,40361984,102400,102400,102400
40325120,40329216,102400,102400,245760,102400,40341504,40357888,40361984,102400,102400,102400
40325120,40329216,102400,102400,245760,102400,40341504,40357888,40361984,102400,102400,102400
40325120,40329216,102400,102400,245760,102400,40341504,40357888,40361984,102400,102400,102400
40325120,40329216,102400,102400,245760,102400,40341504,40357888,40361984,102400,102400,102400
40325120,40329216,102400,102400,245760,102400,40341504,40357888,40361984,102400,102400,102400
40325120,40329216,102400,102400,245760,102400,40341504,40357888,40361984,102400,102400,102400
40325120,40329216,102400,102400,245760,102400,40341504,40357888,40361984,102400,102400,102400
40325120,40329216,102400,102400,245760,102400,40341504,40357888,40361984,102400,102400,102400
40325120,40329216,102400,102400,245760,102400,40341504,40357888,40361984,102400,102400,102400
40325120,40329216,102400,102400,245760,102400,40341504,40357888,40361984,102400,102400,102400
40325120,40329216,102400,102400,245760,102400,40341504,40357888,40361984,102400,102400,102400
40325120,40329216,102400,102400,245760,102400,40341504,40357888,40361984,102400,102400,102400
40325120,40329216,102400,102400,245760,102400,40341504,40357888,40361984,102400,102400,102400
40325120,40329216,102400,102400,245760,102400,40341504,40357888,40361984,102400,102400,102400
40325120,40329216,102400,102400,245760,102400,40341504,40357888,40361984,102400,102400,102400
40325120,40329216,102400,102400,245760,102400,40341504,40357888,40361984,102400,102400,102400
40325120,40329216,102400,102400,245760,102400,40341504,40357888,40361984,102400,102400,102400
40325120,40329216,102400,102400,245760,102400,40341504,40357888,40361984,102400,102400,102400
40325120,40329216,102400,102400,245760,102400,40341504,40357888,40361984,102400,102400,102400
40325120,40329216,102400,102400,245760,102400,40341504,40357888,40361984,102400,102400,102400
40325120,40329216,102400,102400,245760,102400,40341504,40357888,40361984,102400,102400,102400
40325120,40329216,102400,102400,245760,102400,40341504,40357888,40361984,102400,102400,102400
40325120,40329216,102400,102400,245760,102400,40341504,40357888,40361984,102400,102400,102400
40325120,40329216,102400,102400,245760,102400,40341504,40357888,40361984,102400,102400,102400
40325120,40329216,102400,102400,245760,102400,40341504,40357888,40361984,102400,102400,102400
40325120,40329216,102400,102400,245760,102400,40341504,40357888,40361984,102400,102400,102400
40325120,40329216,102400,102400,245760,102400,40341504,40357888,40361984,102400,102400,102400
40325120,40329216,102400,102400,245760,102400,40341504,40357888,40361984,102400,102400,102400
40325120,40329216,102400,102400,245760,102400,40341504,40357888,40361984,102400,102400,102400
40325120,40329216,102400,102400,245760,102400,40341504,40357888,40361984,102400,102400,102400
40325120,40329216,102400,102400,245760,102400,40341504,40357888,40361984,102400,102400,102400
40325120,40329216,102400,102400,245760,102400,40341504,40357888,40361984,102400,102400,102400
40325120,40329216,102400,102400,245760,102400,40341504,40357888,40361984,102400,102400,102400
40325120,40329216,102400,102400,245760,102400,40341504,40357888,40361984,102400,102400,102400
40325120,40329216,102400,102400,245760,102400,40341504,40357888,40361984,102400,102400,102400
40325120,40329216,102400,102400,245760,102400,40341504,40357888,40361984,102400,102400,102400
40325120,40329216,102400,102400,245760,102400,40341504,40357888,40361984,102400,102400,102400
40325120,40329216,102400,102400,245760,102400,40341504,40357888,40361984,102400,102400,102400
40325120,40329216,102400,102400,245760,102400,40341504,40357888,40361984,102400,102400,102400
40325120,40329216,102400,102400,245760,102400,40341504,40357888,40361984,102400,102400,102400
40325120,40329216,102400,102400,245760,102400,40341504,40357888,40361984,102400,102400,102400
40325120,40329216,102400,102400,245760,102400,40341504,40357888,40361984,102400,102400,102400
40325120,40329216,102400,102400,245760,102400,40341504,40357888,40361984,102400,102400,102400
40325120,40329216,102400,102400,245760,102400,40341504,40357888,40361984,102400,102400,102400
40325120,40329216,102400,102400,245760,102400,40341504,40357888,40361984,102400,102400,102400
40325120,40329216,102400,102400,245760,102400,40341504,40357888,40361984,102400,102400,102400
40329216,40329216,102400,102400,245760,102400,40341504,40357888,40361984,102400,102400,102400
40329216,40333312,102400,102400,245760,102400,40341504,40357888,40361984,102400,102400,102400
40329216,40333312,102400,102400,245760,102400,40341504,40357888,40361984,102400,102400,102400
40329216,40333312,102400,102400,245760,102400,40341504,40357888,40361984,102400,102400,102400
40329216,40333312,102400,102400,245760,102400,40341504,40357888,40361984,102400,102400,102400
40329216,40333312,102400,102400,241664,102400,40341504,40357888,40361984,102400,102400,102400
40329216,40333312,102400,102400,241664,102400,40341504,40357888,40361984,102400,102400,102400
40329216,40333312,102400,102400,241664,102400,40341504,40357888,40361984,102400,102400,102400
40329216,39936000,102400,102400,241664,102400,40341504,40357888,40361984,102400,102400,102400
40329216,39936000,102400,102400,241664,102400,40341504,40357888,40361984,102400,102400,102400
40329216,39936000,102400,102400,245760,102400,40341504,40357888,40361984,102400,102400,102400
40329216,39936000,102400,102400,245760,102400,40341504,39972864,40361984,102400,102400,102400
40329216,39936000,102400,102400,245760,102400,40341504,39972864,40361984,102400,102400,102400
40329216,39936000,102400,102400,245760,102400,40341504,39972864,40361984,102400,102400,102400
39931904,39936000,102400,102400,245760,102400,40341504,39972864,40361984,102400,102400,102400
39931904,39936000,102400,102400,245760,102400,40341504,39972864,40361984,102400,102400,102400
39931904,39936000,102400,102400,245760,102400,40341504,39972864,40361984,102400,102400,102400
39931904,39936000,102400,102400,245760,102400,40341504,39972864,40361984,102400,102400,102400
39931904,39936000,102400,102400,245760,102400,40341504,39972864,40361984,102400,102400,102400
39931904,39936000,102400,102400,245760,102400,40341504,39972864,40361984,102400,102400,102400
39931904,39936000,102400,102400,245760,102400,40341504,39972864,40361984,102400,102400,102400
39931904,39936000,102400,102400,245760,102400,40341504,39972864,39976960,102400,102400,102400
39931904,39936000,102400,102400,245760,102400,40341504,39972864,39976960,102400,102400,102400
39931904,39936000,102400,102400,245760,102400,40341504,39972864,39976960,102400,102400,102400
39931904,39936000,102400,102400,245760,102400,40341504,39972864,39976960,102400,102400,102400
39931904,39936000,102400,102400,245760,102400,40341504,39972864,39976960,102400,102400,102400
39931904,39936000,102400,102400,245760,102400,40341504,39972864,39976960,102400,102400,102400
39931904,39936000,102400,102400,245760,102400,40341504,39972864,39976960,102400,102400,102400
39931904,39936000,102400,102400,245760,102400,40349696,39972864,39976960,102400,102400,102400
40329216,39936000,102400,102400,245760,102400,40349696,39972864,39976960,102400,102400,102400
40329216,39936000,102400,102400,245760,102400,40349696,39972864,39976960,102400,102400,102400
40329216,40333312,102400,102400,245760,102400,40349696,40382464,39976960,102400,102400,102400
40329216,40333312,102400,102400,245760,102400,40349696,40382464,40382464,102400,102400,102400
40329216,40333312,102400,102400,245760,102400,40349696,40382464,40382464,102400,102400,102400
40329216,40333312,102400,102400,249856,102400,40349696,40382464,40382464,102400,102400,102400
40329216,40333312,102400,102400,249856,102400,40349696,40382464,40382464,102400,102400,102400
40329216,40333312,102400,102400,249856,102400,40349696,40382464,40390656,102400,102400,102400
40329216,40333312,102400,102400,249856,102400,40349696,40382464,40390656,102400,102400,102400
40329216,40333312,102400,102400,249856,102400,40357888,40394752,40390656,102400,102400,102400
40329216,40333312,102400,102400,249856,102400,40357888,40394752,40390656,102400,102400,102400
40329216,40333312,102400,102400,249856,102400,40357888,40394752,40390656,102400,102400,102400
40329216,40333312,102400,102400,249856,102400,40357888,40394752,40390656,102400,102400,102400
40329216,40333312,102400,102400,249856,102400,40357888,40394752,40390656,102400,102400,102400
40329216,40333312,102400,102400,249856,102400,40357888,40394752,40390656,102400,102400,102400
40329216,40333312,102400,102400,249856,102400,40357888,40394752,40390656,102400,102400,102400
40329216,40333312,102400,102400,249856,102400,40357888,40394752,40390656,102400,102400,102400
40329216,40333312,102400,102400,249856,102400,40357888,40394752,40390656,102400,102400,102400
40329216,40333312,102400,102400,249856,102400,40357888,40394752,40390656,102400,102400,102400
40329216,40333312,102400,102400,249856,102400,40357888,40394752,40390656,102400,102400,102400
40329216,40333312,102400,102400,249856,102400,40357888,40394752,40390656,102400,102400,102400
40329216,40333312,102400,102400,249856,102400,40357888,40394752,40390656,102400,102400,102400
40329216,40333312,102400,102400,249856,102400,40357888,40394752,40390656,102400,102400,102400
40329216,40333312,102400,102400,249856,102400,40357888,40394752,40398848,102400,102400,102400
40329216,40333312,102400,102400,249856,102400,40366080,40394752,40398848,102400,102400,102400
40329216,40333312,102400,102400,249856,102400,40366080,40407040,40398848,102400,102400,102400
40329216,40333312,102400,102400,249856,102400,40366080,40407040,40398848,102400,102400,102400
40329216,40333312,102400,102400,249856,102400,40366080,40407040,40398848,102400,102400,102400
40329216,40333312,102400,102400,249856,102400,40366080,40407040,40398848,102400,102400,102400
40329216,40333312,102400,102400,249856,102400,40366080,40415232,40398848,102400,102400,102400
40329216,40333312,102400,102400,249856,102400,40374272,40415232,40398848,102400,102400,102400
40329216,40333312,102400,102400,249856,102400,40374272,40415232,40398848,102400,102400,102400
40329216,40333312,102400,102400,249856,102400,40374272,40415232,40398848,102400,102400,102400
40329216,40333312,102400,102400,249856,102400,40374272,40415232,40398848,102400,102400,102400
40329216,40333312,102400,102400,249856,102400,40374272,40415232,40398848,102400,102400,102400
40329216,40333312,102400,102400,249856,102400,40374272,40415232,40398848,102400,102400,102400
40329216,40333312,102400,102400,249856,102400,40374272,40415232,40398848,102400,102400,102400
40329216,40333312,102400,102400,249856,102400,40374272,40415232,40398848,102400,102400,102400
40329216,40333312,102400,102400,249856,102400,40374272,40415232,40398848,102400,102400,102400
40329216,40333312,102400,102400,249856,102400,40374272,40415232,40411136,102400,102400,102400
40329216,40333312,102400,102400,249856,102400,40386560,40427520,40411136,102400,102400,102400
40329216,40333312,102400,102400,249856,102400,40386560,40427520,40411136,102400,102400,102400
40329216,40333312,102400,102400,249856,102400,40386560,40427520,40411136,102400,102400,102400
40329216,40333312,102400,102400,249856,102400,40386560,40427520,40411136,102400,102400,102400
40329216,40333312,102400,102400,249856,102400,40386560,40427520,40411136,102400,102400,102400
40329216,40333312,102400,102400,249856,102400,40386560,40427520,40411136,102400,102400,102400
40329216,40333312,102400,102400,249856,102400,40386560,40427520,40411136,102400,102400,102400
40329216,40333312,102400,102400,258048,102400,40386560,40427520,40411136,102400,102400,102400
40329216,40333312,102400,102400,258048,102400,40386560,40427520,40411136,102400,102400,102400
40329216,40337408,102400,102400,258048,102400,40398848,40427520,40411136,102400,102400,102400
40333312,40337408,102400,102400,258048,102400,40398848,40427520,40411136,102400,102400,102400
40333312,40337408,102400,102400,258048,102400,40398848,40448000,40415232,102400,102400,102400
40333312,40337408,102400,102400,258048,102400,40398848,40448000,40415232,102400,102400,102400
40333312,40337408,102400,102400,258048,102400,40398848,40448000,40415232,102400,102400,102400
40333312,40337408,102400,102400,294912,102400,40398848,40448000,40415232,102400,102400,102400
