dockerfiles-laptop-clientapp-0-1,dockerfiles-laptop-clientapp-1-1,dockerfiles-laptop-clientapp-2-1,dockerfiles-laptop-supernode-0-1,dockerfiles-laptop-supernode-1-1,dockerfiles-laptop-supernode-2-1,dockerfiles-serverapp-1,dockerfiles-superlink-1,dockerfiles-desktop-clientapp-0-1,dockerfiles-desktop-clientapp-1-1,dockerfiles-desktop-clientapp-2-1,dockerfiles-desktop-clientapp-3-1,dockerfiles-desktop-supernode-0-1,dockerfiles-desktop-supernode-1-1,dockerfiles-desktop-supernode-2-1,dockerfiles-desktop-supernode-3-1
39280640,39305216,39309312,46239744,46235648,46231552,40710144,47198208,48001024,47992832,45903872,48001024,46473216,46493696,46460928,46477312
39288832,39305216,39313408,46239744,46239744,46231552,40824832,47329280,48005120,47996928,45903872,48005120,46473216,46501888,46465024,46477312
39288832,39305216,39313408,46239744,46239744,46235648,300453888,47398912,48009216,47996928,45907968,48009216,46481408,46510080,46473216,46489600
39288832,39309312,39317504,46252032,46243840,46235648,437432320,47403008,48013312,48001024,45912064,48009216,46497792,46530560,46473216,46501888
39292928,39309312,39317504,46252032,46252032,46243840,515391488,47411200,48017408,288845824,47108096,258592768,46501888,46796800,46731264,46788608
39620608,164175872,39317504,46264320,46514176,46497792,558571520,47673344,371286016,361639936,366350336,400404480,46792704,46804992,46739456,46788608
441638912,481951744,305020928,46542848,46514176,46505984,543113216,47697920,528330752,498905088,524500992,478089216,46792704,46804992,46739456,46788608
495374336,495390720,495370240,46673920,46645248,46649344,543129600,47738880,530182144,529825792,527777792,529866752,46919680,46977024,46895104,46923776
495624192,495390720,495669248,46747648,46653440,46747648,543166464,47837184,530182144,530092032,528056320,530178048,47026176,47063040,47001600,47038464
495624192,495665152,495669248,46747648,46768128,46755840,543440896,47878144,530182144,530092032,528056320,530464768,47034368,58900480,47001600,59736064
495624192,495665152,495669248,67403776,46768128,66502656,579760128,70164480,620154880,619925504,530444288,621236224,65462272,48578560,48484352,48476160
594468864,587776000,596217856,48750592,48275456,48865280,579760128,52617216,620953600,619925504,617435136,632389632,48488448,48578560,48484352,48476160
594468864,588574720,596217856,48750592,48275456,48865280,579760128,52617216,620953600,630423552,617443328,632397824,48488448,48578560,48484352,48476160
594468864,588574720,606720000,48750592,48275456,48865280,579760128,52617216,620953600,630423552,617443328,632397824,48488448,48578560,48484352,48476160
594468864,588574720,606720000,48750592,48275456,48865280,579760128,52617216,620953600,630431744,617443328,632397824,48488448,48578560,48484352,48476160
604966912,599076864,606720000,48750592,48275456,48865280,579772416,52617216,620953600,630431744,627941376,660221952,48488448,48578560,48484352,48476160
604966912,599076864,606736384,48750592,48275456,48865280,579772416,52617216,631455744,630431744,627941376,747610112,48488448,48578560,48484352,48476160
604966912,599085056,606736384,48750592,48279552,48865280,579772416,52621312,631455744,658616320,627941376,1568391168,48488448,48578560,48484352,48476160
604966912,599085056,606736384,48750592,48279552,48865280,579772416,52625408,631455744,738586624,627941376,1729933312,48488448,48578560,48484352,48476160
604979200,599085056,606736384,48750592,48279552,48865280,579772416,52625408,631463936,769646592,627949568,1815928832,48488448,48578560,48484352,48476160
604979200,626675712,683610112,48750592,48279552,48865280,579772416,52629504,631463936,1374371840,627949568,1924988928,48488448,48578560,48484352,48476160
604979200,706428928,687661056,48750592,48279552,48865280,579772416,52629504,631463936,1667104768,627949568,1838993408,48488448,48578560,48484352,48476160
604979200,1531400192,828383232,48750592,48279552,48865280,579772416,52629504,631463936,1818107904,728424448,1738317824,48488448,48578560,48484352,48476160
604979200,1763221504,1094701056,48750592,48279552,48865280,579772416,52629504,671006720,1901998080,778256384,1738317824,48488448,48578560,48484352,48476160
710414336,1397227520,1245696000,48750592,48279552,48865280,579772416,52633600,753352704,1717436416,1642614784,1738317824,48488448,48578560,48484352,48476160
732905472,1422389248,1455419392,48750592,48279552,48865280,579772416,52633600,1067376640,1725825024,1876557824,1746841600,48488448,48578560,48484352,48476160
1674346496,1497886720,1489223680,48750592,48279552,48865280,579772416,52633600,1719488512,1792937984,1373204480,1696374784,48488448,48578560,48484352,48476160
1120714752,1497886720,1690316800,48750592,48279552,48865280,579772416,52633600,1199357952,1725825024,1968828416,1696374784,48488448,48578560,48484352,48476160
1489829888,1506275328,1505755136,48750592,48279552,48865280,579772416,52629504,1669156864,1860050944,1530515456,1872547840,48488448,48578560,48484352,48476160
1288491008,1816674304,1782075392,48750592,48279552,48865280,579772416,52629504,1677533184,1725825024,1654251520,1704763392,48488448,48578560,48484352,48476160
1582100480,1548218368,1447026688,48750592,48279552,48865280,579772416,52629504,1375522816,1725825024,1698291712,1704763392,48488448,48578560,48484352,48476160
1816997888,1564995584,1530912768,48750592,48279552,48865280,579772416,52629504,1543299072,1742602240,1933189120,1713152000,48488448,48578560,48484352,48476160
1573703680,1799892992,1530912768,48750592,48279552,48865280,579772416,52629504,1945980928,1809715200,1530646528,1713152000,48488448,48578560,48484352,48476160
1825378304,1498017792,1581244416,48750592,48279552,48865280,579772416,52629504,1568464896,1742602240,1933324288,1713152000,48488448,48578560,48484352,48476160
1657593856,1606942720,1723858944,48750592,48279552,48865280,579772416,52633600,1568464896,1742602240,1530646528,1847377920,48488448,48578560,48484352,48476160
1590480896,1539829760,1589633024,48750592,48279552,48865280,579776512,52633600,1652350976,1692401664,1689907200,1738317824,48488448,48578560,48484352,48476160
1785651200,1548218368,1656745984,48750592,48279552,48865280,579776512,52633600,1652350976,1692401664,1555681280,1738317824,48488448,48578560,48484352,48476160
1624035328,1615331328,1589633024,48750592,48279552,48865280,579776512,52633600,1839013888,1692401664,1633284096,1805430784,48488448,48578560,48484352,48476160
1624035328,1581772800,1589633024,48750592,48279552,48865280,579776512,52633600,1652350976,1692401664,1589235712,1738317824,48488448,48578560,48484352,48476160
1624035328,1590161408,1701703680,48750592,48279552,48865280,579776512,52633600,1719463936,1692401664,1589235712,1805430784,48488448,48578560,48484352,48476160
1582223360,1590161408,1589633024,48750592,48279552,48865280,579776512,52637696,1669263360,1709047808,1824129024,1738317824,48488448,48578560,48484352,48476160
1706926080,1757941760,1547821056,48750592,48279552,48865280,579776512,52637696,1602150400,1709047808,1622790144,1738317824,48488448,48578560,48484352,48476160
1489948672,1623715840,1547821056,48750592,48279552,48865280,579776512,52645888,1887248384,1709047808,1866076160,1738317824,48488448,48578560,48484352,48476160
1783435264,1623715840,1489100800,48750592,48279552,48865280,579784704,52649984,1618796544,1709047808,1631178752,1738317824,48488448,48578560,48484352,48476160
1548537856,1827119104,1707085824,48750592,48279552,48865280,579784704,52649984,1920806912,1709047808,1899630592,1755095040,48488448,48578560,48484352,48476160
1624039424,1581903872,1564467200,48750592,48279552,48865280,579788800,52649984,1618796544,1709047808,1631178752,1755095040,48488448,48578560,48484352,48476160
1842155520,1606938624,1765806080,48750592,48279552,48865280,579788800,52649984,1870479360,1876832256,1683611648,1889320960,48488448,48578560,48484352,48476160
1640812544,1606938624,1497489408,48750592,48279552,48865280,579788800,52649984,1753022464,1709047808,1580978176,1755095040,48488448,48578560,48484352,48476160
1640812544,1615327232,1589637120,48750592,48279552,48865280,579788800,52649984,1618796544,1709047808,1715204096,1889320960,48488448,48578560,48484352,48476160
1599004672,1816666112,1589637120,48750592,48279552,48865280,579788800,52649984,1618796544,1910386688,1715204096,1780260864,48488448,48578560,48484352,48476160
1590480896,1615327232,1522524160,48750592,48279552,48865280,579788800,52649984,1618796544,1709047808,1463537664,1780260864,48488448,48578560,48488448,48476160
1825378304,1825189888,1790976000,48750592,48279552,48865280,579788800,52649984,1643962368,1709047808,1778429952,1780260864,48488448,48578560,48488448,48476160
1498337280,1556738048,1522524160,48750592,48279552,48865280,579788800,52654080,1643962368,1709047808,1572458496,1914486784,48488448,48578560,48488448,48476160
1556926464,1573384192,1539301376,48750592,48279552,48865280,579788800,52654080,1669128192,1709047808,1622790144,1780260864,48488448,48578560,48488448,48476160
1556926464,1808281600,1539301376,48750592,48279552,48865280,579788800,52654080,1669128192,1709047808,1622790144,1981599744,48488448,48578560,48488448,48476160
1590480896,1573384192,1572855808,48750592,48279552,48865280,579788800,52654080,1753014272,1977499648,1639567360,1780260864,48488448,48578560,48488448,48476160
1791819776,1774727168,1774194688,48750592,48279552,48865280,579788800,52654080,1753014272,1709047808,1639567360,1780260864,48488448,48578560,48488448,48476160
1624035328,1531568128,1572855808,48750592,48279552,48865280,579788800,52654080,1853816832,1820209152,1782181888,1797038080,48488448,48578560,48488448,48476160
1816985600,1627688960,1547689984,48750592,48279552,48865280,579788800,52654080,1660870656,1667231744,1647955968,1797038080,48488448,48578560,48488448,48476160
1649201152,1614827520,1681915904,48750592,48279552,48865280,579788800,52654080,1795096576,1667231744,1715068928,1755226112,48488448,48578560,48488448,48476160
1649201152,1564991488,1547689984,48750592,48279552,48865280,579788800,52654080,1660870656,1692266496,1715068928,1914621952,48488448,48578560,48488448,48476160
1649201152,1623711744,1816141824,48750592,48279552,48865280,579788800,52654080,1660870656,1692266496,1647955968,1713283072,48488448,48578560,48488448,48476160
1649201152,1623711744,1371656192,48750592,48279552,48865280,579788800,52654080,1795096576,1725820928,1698287616,1914621952,48488448,48578560,48488448,48476160
1783427072,1657270272,1740779520,48750592,48279552,48865280,579788800,52662272,1660870656,1725820928,1698287616,1713283072,48488448,48578560,48488448,48476160
1649201152,1664073728,1379913728,48750592,48279552,48865280,579788800,52662272,1820266496,1893605376,1706676224,1713283072,48488448,48578560,48488448,48476160
1649201152,1657270272,1514139648,48750592,48279552,48865280,579788800,52662272,1643962368,1725820928,1706676224,1721540608,48488448,48578560,48488448,48476160
1783427072,1825054720,1379913728,48750592,48279552,48865280,579788800,52662272,1912418304,1860046848,1723453440,1721540608,48488448,48578560,48488448,48476160
1649201152,1657270272,1488969728,48750592,48279552,48865280,579788800,52662272,1652350976,1767763968,1723453440,1721540608,48488448,48578560,48488448,48476160
1816985600,1598676992,1757421568,48750592,48279552,48865280,579788800,52662272,1652350976,1767763968,1790566400,1721540608,48488448,48578560,48488448,48476160
1649201152,1556733952,1488969728,48750592,48279552,48865280,579788800,52662272,1652350976,1834876928,1723453440,1922879488,48488448,48578560,48488448,48476160
1791815680,1573380096,1556082688,48750592,48279552,48865280,579788800,52662272,1652350976,1801318400,1723453440,1721540608,48488448,48578560,48488448,48476160
1657589760,1573380096,1488969728,48750592,48279552,48865280,579788800,52662272,1895636992,1935544320,1882845184,1721540608,48488448,48578560,48488448,48476160
1657589760,1615323136,1522524160,48750592,48279552,48865280,579788800,52662272,1660739584,1801318400,1748619264,1721540608,48488448,48578560,48488448,48476160
1657589760,1615323136,1522524160,48750592,48279552,48865280,579788800,52662272,1895636992,1935544320,2017071104,1721540608,48488448,48578560,48488448,48476160
1657589760,1623711744,1522524160,48750592,48279552,48865280,579788800,52662272,1660739584,1801318400,1706807296,1746706432,48488448,48578560,48488448,48476160
1800204288,1825050624,1790976000,48750592,48279552,48865280,579788800,52666368,1660739584,1801318400,1706807296,1746706432,48488448,48578560,48488448,48476160
1665978368,1565122560,1472319488,48750592,48279552,48865280,579788800,52670464,1660739584,1801318400,1706807296,1880932352,48488448,48578560,48488448,48476160
1674366976,1749463040,1547694080,48750592,48279552,48865280,579788800,52670464,1618927616,1801318400,1706807296,1746706432,48488448,48578560,48488448,48476160
1576464384,1590157312,1547694080,48750592,48279552,48865280,579788800,52670464,1878994944,1801318400,1841037312,1948045312,48488448,48578560,48488448,48476160
1582092288,1590157312,1405210624,48750592,48279552,48865280,579788800,52670464,1643962368,1725952000,1706807296,1746706432,48488448,48578560,48488448,48476160
1783431168,1598545920,1681920000,48750592,48279552,48865280,579788800,52670464,1845301248,1818099712,1706807296,1746706432,48488448,48578560,48488448,48476160
1582092288,1598545920,1472188416,48750592,48279552,48865280,579788800,52674560,1652350976,1750986752,1748619264,1746706432,48488448,48578560,48488448,48476160
1590480896,1588084736,1740644352,48750592,48279552,48865280,579788800,52674560,1652350976,1750986752,1882845184,1813819392,48488448,48578560,48488448,48476160
1590480896,1548345344,1488969728,48750592,48279552,48865280,579788800,52674560,1685905408,1750986752,1706807296,1763483648,48488448,48578560,48488448,48476160
1598869504,1564991488,1522524160,48750592,48279552,48865280,579788800,52674560,1820131328,1750986752,1748619264,1763483648,48488448,48578560,48488448,48476160
1598869504,1699217408,1698697216,48750592,48279552,48865280,579788800,52674560,1820131328,1750994944,1748619264,1763483648,48488448,48578560,48488448,48476160
1557057536,1564991488,1556078592,48750592,48279552,48865280,579788800,52674560,1761415168,1750994944,1916403712,1830596608,48488448,48578560,48488448,48476160
1791954944,1564991488,1807753216,48750592,48279552,48865280,579788800,52678656,1685905408,1750994944,1748619264,1721671680,48488448,48578560,48488448,48476160
1515114496,1564991488,1572855808,48750592,48279552,48865280,579788800,52678656,1644093440,1750994944,1754087424,1721671680,48488448,48578560,48488448,48476160
1556926464,1564991488,1807753216,48750592,48279552,48865280,579788800,52678656,1652350976,1838211072,1807339520,1906102272,48488448,48578560,48488448,48476160
1662664704,1766334464,1572855808,48750592,48279552,48865280,579788800,52678656,1652350976,1703985152,1807339520,1738317824,48488448,48578560,48488448,48476160
1556926464,1564995584,1514266624,48750592,48279552,48865280,579788800,52678656,1719463936,1703985152,1840893952,1738317824,48488448,48578560,48488448,48476160
1825382400,1581772800,1782718464,48750592,48279552,48865280,579788800,52682752,1677520896,1729019904,1840893952,1746706432,48488448,48578560,48488448,48476160
1605775360,1581772800,1514266624,48750592,48279552,48865280,579788800,52682752,1786576896,1729019904,1840893952,1746706432,48488448,48578560,48488448,48476160
1758265344,1581772800,1648492544,48750592,48279552,48865280,579788800,52682752,1685905408,1737408512,1908011008,1813819392,48488448,48578560,48488448,48476160
1556926464,1623715840,1514266624,48750592,48279552,48865280,579788800,52682752,1895628800,1737408512,1840893952,1746706432,48488448,48578560,48488448,48476160
1573703680,1623715840,1556078592,48750592,48279552,48865280,579788800,52682752,1761402880,1871634432,1874452480,1880932352,48488448,48578560,48488448,48476160
1573703680,1674047488,1757417472,48750592,48279552,48865280,579788800,52682752,1912406016,1700483072,1840893952,1746706432,48488448,48578560,48488448,48476160
1632423936,1674047488,1514266624,48750592,48279552,48865280,579788800,52682752,1845288960,1700483072,1840893952,1847377920,48488448,48578560,48488448,48476160
1665978368,1674047488,1497489408,48750592,48279552,48865280,579788800,52682752,1845288960,1700483072,1840893952,1746706432,48488448,48578560,48488448,48476160
1665978368,1674047488,1497489408,48750592,48279552,48865280,579788800,52682752,1845288960,1887145984,1973022720,1813819392,48488448,48578560,48488448,48476160
1665978368,1674047488,1606410240,48750592,48279552,48865280,579788800,52682752,1870589952,1591742464,1840893952,1746706432,48488448,48578560,48488448,48476160
1665978368,1757937664,1727115264,48750592,48279552,48865280,579788800,52682752,1803476992,1591742464,1840893952,1746706432,48488448,48578560,48488448,48476160
1665978368,1690824704,1606410240,48750592,48279552,48865280,579788800,52686848,1761533952,1692274688,1840893952,1763483648,48488448,48578560,48488448,48476160
1867317248,1690824704,1774194688,48750592,48279552,48865280,579788800,52690944,1761533952,1692274688,1840893952,1763483648,48488448,48578560,48488448,48476160
1665978368,1640624128,1606410240,48750592,48279552,48865280,579788800,52690944,1895759872,1902006272,1840893952,1763483648,48488448,48578560,48488448,48476160
1665978368,1682436096,1623187456,48750592,48279552,48865280,579788800,52695040,1761533952,1700663296,1840893952,1763483648,48488448,48578560,48488448,48476160
1648443392,1816662016,1690304512,48750592,48279552,48865280,579788800,52695040,1895759872,1736318976,1908006912,1696505856,48488448,48578560,48488448,48476160
1624035328,1682436096,1598152704,48750592,48279552,48865280,579788800,52695040,1761533952,1709051904,1840893952,1696505856,48488448,48578560,48488448,48476160
1691148288,1690824704,1665265664,48750592,48279552,48865280,579788800,52695040,1962872832,1776164864,1908006912,1964957696,48488448,48578560,48488448,48476160
1657589760,1690824704,1598152704,48750592,48279552,48865280,579788800,52695040,1761533952,1742606336,1840893952,1637785600,48488448,48578560,48488448,48476160
1657589760,1514795008,1732378624,48750592,48279552,48865280,579788800,52695040,1660870656,1742606336,1840893952,1637785600,48488448,48578560,48488448,48476160
1657589760,1556606976,1598152704,48750592,48279552,48865280,579788800,52695040,1669128192,1742606336,1799081984,1679597568,48488448,48578560,48488448,48476160
1657589760,1556606976,1598152704,48750592,48279552,48865280,579788800,52695040,1509871616,1742606336,1799081984,1679597568,48488448,48578560,48488448,48476160
1766645760,1564995584,1833050112,48750592,48279552,48865280,579788800,52695040,1694298112,1742606336,1698418688,1713152000,48488448,48578560,48488448,48476160
1699532800,1694248960,1598152704,48750592,48279552,48865280,579788800,52699136,1761411072,1834885120,1966870528,1948049408,48488448,48578560,48488448,48476160
1699532800,1564995584,1598152704,48750592,48279552,48865280,579788800,52699136,1694294016,1767772160,1597755392,1713152000,48488448,48578560,48488448,48476160
1699532800,1632108544,1598152704,48750592,48279552,48865280,579788800,52699136,1694294016,1767772160,1752961024,1713152000,48488448,48578560,48488448,48476160
1716310016,1564995584,1614794752,48750592,48279552,48865280,579788800,52699136,1904021504,1725960192,1698291712,1713152000,48488448,48578560,48488448,48476160
1984761856,1615327232,1614794752,48750592,48279552,48865280,579788800,52699136,1702682624,1725960192,1631178752,1646174208,48488448,48578560,48488448,48476160
1716310016,1615327232,1572982784,48750592,48279552,48865280,579788800,52699136,1920798720,1725960192,1798959104,1662820352,48488448,48578560,48488448,48476160
1716310016,1648881664,1707208704,48750592,48279552,48865280,579788800,52703232,1719459840,1642074112,1664733184,1662820352,48488448,48578560,48488448,48476160
1716310016,1833447424,1598017536,48750592,48279552,48865280,579788800,52703232,1820135424,1885224960,1949966336,1729933312,48488448,48578560,48488448,48476160
1716310016,1665662976,1665130496,48750592,48279552,48865280,579788800,52703232,1694294016,1683886080,1681510400,1662820352,48488448,48578560,48488448,48476160
1808723968,1867001856,1463930880,48750592,48279552,48865280,579788800,52703232,1828519936,1851670528,1815736320,1671208960,48488448,48578560,48488448,48476160
1674498048,1665662976,1556074496,48750592,48279552,48865280,579788800,52703232,1727848448,1683886080,1748623360,1671208960,48488448,48578560,48488448,48476160
1674498048,1665662976,1824530432,48750592,48279552,48865280,579788800,52703232,1870462976,1683886080,1681510400,1769787392,48488448,48578560,48488448,48476160
1607389184,1665662976,1589633024,48750592,48279552,48865280,579788800,52703232,1761402880,1683886080,1899761664,1671208960,48488448,48578560,48488448,48476160
1649201152,1539960832,1623187456,48750592,48279552,48865280,579788800,52703232,1761402880,1683886080,1631309824,1671208960,48488448,48578560,48488448,48476160
1850540032,1556606976,1623187456,48750592,48279552,48865280,579788800,52707328,1929187328,1780363264,1866207232,1671208960,48488448,48578560,48488448,48476160
1649201152,1741168640,1623187456,48750592,48279552,48865280,579788800,52707328,1761402880,1683886080,1597755392,1671208960,48488448,48578560,48488448,48476160
1649201152,1615327232,1774190592,48750592,48279552,48865280,579788800,52711424,1862074368,1818116096,1799094272,1671208960,48488448,48578560,48488448,48476160
1607389184,1632104448,1639964672,48750592,48279552,48865280,579788800,52711424,1778180096,1683886080,1606012928,1704763392,48488448,48578560,48488448,48476160
1582223360,1590292480,1639964672,48750592,48279552,48865280,579788800,52711424,1778180096,1683886080,1606012928,1704763392,48488448,48578560,48488448,48476160
1917788160,1598550016,1639964672,48750592,48279552,48865280,579788800,52711424,1912406016,1683886080,1631178752,1738317824,48488448,48578560,48488448,48476160
1582223360,1539960832,1598152704,48750592,48279552,48865280,579788800,52711424,1778180096,1683886080,1899634688,1872543744,48488448,48578560,48488448,48476160
1590480896,1539960832,1598152704,48750592,48279552,48865280,579788800,52711424,1778180096,1717440512,1631178752,1738317824,48488448,48578560,48488448,48476160
1590480896,1793339392,1614798848,48750592,48279552,48865280,579788800,52711424,1945964544,1717440512,1631178752,1738317824,48488448,48578560,48488448,48476160
1657593856,1632108544,1757413376,48750592,48279552,48865280,579788800,52711424,1778180096,1860055040,1715064832,1805430784,48488448,48578560,48488448,48476160
1590480896,1833447424,1623187456,48750592,48279552,48865280,579788800,52711424,1945964544,1725829120,1715064832,1738317824,48488448,48578560,48488448,48476160
1632423936,1523183616,1623187456,48750592,48279552,48865280,579788800,52711424,1778180096,1725829120,1796861952,1738317824,48488448,48578560,48488448,48476160
1699536896,1590161408,1736343552,48750592,48279552,48865280,579788800,52711424,1778180096,1750994944,1723453440,1738317824,48488448,48578560,48488448,48476160
1665978368,1590161408,1623187456,48750592,48279552,48865280,579788800,52711424,1778180096,1750994944,1723453440,1738317824,48488448,48578560,48488448,48476160
1800204288,1598550016,1623187456,48750592,48279552,48865280,579788800,52711424,1979518976,1750994944,1740230656,1889320960,48488448,48578560,48488448,48476160
1665978368,1598550016,1623187456,48750592,48279552,48865280,579788800,52711424,1778180096,1750994944,1740230656,1755095040,48488448,48578560,48488448,48476160
1665978368,1598554112,1623187456,48750592,48279552,48865280,579788800,52711424,1878851584,1851801600,1949958144,1889320960,48488448,48578560,48488448,48476160
1733091328,1657274368,1690300416,48750592,48279552,48865280,579788800,52715520,1778180096,1709051904,1748619264,1755095040,48488448,48578560,48488448,48476160
1665978368,1791500288,1623187456,48750592,48279552,48865280,579788800,52715520,2113744896,1711153152,1882845184,1755230208,48488448,48578560,48488448,48476160
1800204288,1598681088,1824526336,48750592,48279552,48865280,579788800,52715520,1912406016,1725829120,1748619264,1755230208,48488448,48578560,48488448,48476160
1665978368,1598681088,1623187456,48750592,48279552,48865280,579792896,52715520,1778180096,1792942080,1815732224,1688117248,48488448,48578560,48488448,48476160
1674366976,1665794048,1623187456,48750592,48279552,48865280,579792896,52715520,1794957312,1742606336,1748619264,1688117248,48488448,48578560,48488448,48476160
1674366976,1556738048,1632456704,48750592,48279552,48865280,579792896,52715520,1794957312,1742606336,1748619264,1646174208,48488448,48578560,48488448,48476160
1439617024,1741164544,1531039744,48750592,48279552,48865280,579792896,52719616,1803345920,1759383552,1916403712,1646174208,48488448,48578560,48488448,48476160
1506594816,1606938624,1799360512,48750592,48279552,48865280,579792896,52719616,1803345920,1759383552,1748619264,1646174208,48488448,48578560,48488448,48476160
1506594816,1757941760,1564463104,48750592,48279552,48865280,579792896,52719616,1929187328,1960722432,1882845184,1881071616,48488448,48578560,48488448,48476160
1531760640,1623715840,1698689024,48750592,48279552,48865280,579792896,52719616,1870454784,1759383552,1690030080,1646174208,48488448,48578560,48488448,48476160
1733099520,1648881664,1564463104,48750592,48279552,48865280,579792896,52719616,1870454784,1759383552,1690030080,1646174208,48488448,48578560,48488448,48476160
1531760640,1850220544,1598021632,48750592,48279552,48865280,579792896,52719616,1870454784,1759383552,1639698432,1604227072,48488448,48578560,48488448,48476160
1598873600,1607069696,1832919040,48750592,48279552,48865280,579792896,52719616,1870454784,1759383552,1639698432,1620873216,48488448,48578560,48488448,48476160
1607258112,1741295616,1598021632,48750592,48279552,48865280,579792896,52719616,2071793664,1767772160,1908150272,1620873216,48488448,48578560,48488448,48476160
1615646720,1607069696,1799360512,48750592,48279552,48865280,579792896,52719616,2029981696,1767772160,1639698432,1637654528,48488448,48578560,48488448,48476160
1800212480,1640493056,1505873920,48750592,48279552,48865280,579792896,52719616,1828642816,1767772160,1841037312,1637654528,48488448,48578560,48488448,48476160
1565315072,1707606016,1581244416,48750592,48279552,48865280,579792896,52719616,1904017408,1784549376,1606144000,1654431744,48488448,48578560,48488448,48476160
1783435264,1640493056,1782583296,48750592,48279552,48865280,579792896,52719616,1836900352,1784549376,1606144000,1654431744,48488448,48578560,48488448,48476160
1582092288,1774718976,1514131456,48750592,48279552,48865280,579792896,52723712,1971126272,1784549376,1689899008,1654460416,48488448,48578560,48488448,48476160
1582100480,1590292480,1740636160,48750592,48279552,48865280,579792896,52723712,1652482048,1985888256,1689899008,1561923584,48488448,48578560,48488448,154456064
1649213440,1783111680,1539297280,48750592,48279552,48865280,579792896,52723712,1914511360,1742737408,1597755392,1561976832,48488448,48578560,48488448,49106944
1545547776,1638191104,1539297280,48750592,48279552,48865280,664768512,53882880,1736237056,1944076288,1622790144,1561976832,48488448,48578560,48488448,49115136
1788698624,1632104448,1447153664,48750592,48279552,48865280,664768512,53886976,1736237056,1742737408,1647955968,1561976832,48488448,48578560,48488448,49119232
1587359744,1699217408,1463799808,48750592,48279552,48865280,664768512,53886976,1736237056,1918779392,1884958720,1561976832,48488448,48578560,48488448,49119232
1721585664,1632104448,1733611520,48750592,48279552,48865280,664768512,53886976,1820127232,1759383552,1606144000,1561976832,48488448,48578560,48488448,49119232
1587359744,1592397824,1488965632,48750592,48279552,48865280,664768512,53891072,1895628800,1994289152,1635971072,1561976832,48488448,48578560,48488448,49119232
1587359744,1062653952,1488973824,48750592,50778112,48865280,664768512,53891072,1719459840,1893609472,1643872256,1561976832,48488448,48578560,48488448,49123328
1356197888,1062699008,1431269376,48750592,50778112,49860608,769921024,57257984,1736237056,1759383552,1677426688,1561976832,48488448,48578560,48488448,49123328
1356255232,1062699008,1431269376,49659904,50782208,49860608,855580672,58798080,1677643776,1676591104,1878765568,1561980928,48488448,48578560,48488448,49123328
1356255232,1062699008,1431269376,49664000,50782208,49868800,855580672,58798080,1727848448,1674399744,1631186944,1561980928,48488448,50208768,48488448,49127424
1356255232,1062699008,1431269376,49668096,50782208,49868800,882282496,59252736,1862078464,1674399744,1539047424,1561980928,48488448,50208768,48488448,49127424
1356259328,1062699008,1431269376,49668096,50782208,49868800,882282496,59252736,1711071232,1674399744,1673273344,1561980928,48488448,50208768,48488448,49127424
1356259328,1062699008,1431269376,49672192,50782208,49868800,882282496,59252736,1189552128,1674403840,1193598976,1561980928,156569600,50212864,84885504,49143808
1356259328,1062699008,1431269376,49672192,50782208,49872896,882323456,59256832,1189552128,1674403840,1193598976,1561980928,51191808,50212864,49659904,49127424
1356259328,1062699008,1431269376,49672192,50782208,49872896,773545984,61685760,1189593088,1674444800,1193639936,1561980928,51212288,50221056,49680384,49127424
1356300288,1062744064,1431314432,49704960,50806784,49885184,773558272,61722624,1189593088,1674444800,1193639936,1562021888,51212288,50221056,49688576,49156096
1356300288,1062744064,1431314432,49704960,50806784,49885184,773558272,61751296,1191886848,1676738560,1198014464,1562021888,63094784,68513792,65327104,49156096
1448980480,1117908992,1431314432,49745920,51957760,49885184,958164992,204095488,1199296512,1748144128,1291812864,1648152576,50397184,49590272,83976192,84733952
1461506048,1135362048,1539211264,49745920,51957760,51347456,958164992,65171456,1300938752,1748180992,1309868032,1665708032,50405376,49590272,48836608,49606656
1461538816,1135362048,1539244032,49745920,51953664,51343360,958164992,65167360,1300938752,1732247552,1309868032,1665740800,50405376,49602560,48836608,49606656
1461538816,1135362048,1539244032,49745920,51953664,51343360,958156800,65171456,1300938752,1732251648,1309868032,1665740800,50405376,49606656,48836608,49606656
1461538816,1135362048,1539244032,49745920,51953664,51343360,958156800,65171456,1300938752,1732251648,1309868032,1665740800,50405376,49610752,48836608,49606656
1461538816,1135362048,1539244032,49745920,51953664,51343360,958156800,65171456,1300938752,1732251648,1293942784,1665740800,50405376,49610752,48832512,49606656
1461538816,1135362048,1539244032,49745920,51953664,51343360,958156800,65196032,1284997120,1732251648,1293942784,1649807360,50421760,49610752,48832512,49614848
1461538816,1119432704,1539244032,49745920,51965952,51343360,958242816,65220608,1285001216,1732255744,1293942784,1649807360,50421760,49614848,48832512,49618944
1445617664,1119432704,1522274304,49745920,51965952,51355648,958246912,65249280,1285046272,1732255744,1293942784,1649807360,50429952,49614848,48844800,49618944
1445654528,1119469568,1522315264,49745920,51998720,51380224,958263296,65318912,1285046272,1732292608,1293975552,1649840128,50429952,49623040,48844800,49635328
1445654528,1119469568,1522315264,49766400,51998720,51380224,958377984,65482752,1285083136,1732333568,1294020608,1649917952,50450432,49639424,48861184,49659904
1445720064,1119518720,1522368512,49790976,51998720,51396608,958394368,65523712,1285083136,1732333568,1294024704,1649917952,50450432,49639424,48861184,49659904
1445720064,1119518720,1623416832,49790976,51998720,51507200,820912128,165515264,1285263360,1732497408,1298345984,1649917952,57167872,76914688,72675328,50094080
1549709312,1205256192,1732096000,50810880,52707328,51507200,820912128,100601856,2004471808,1763282944,1809121280,1632514048,50663424,49823744,49008640,49926144
1809580032,1315598336,1664983040,50810880,52707328,51507200,820912128,65527808,1744400384,1779245056,1373020160,1800290304,50663424,49823744,49008640,49926144
1608241152,1315598336,1681760256,50810880,52707328,51507200,820916224,65527808,1643728896,1779245056,1851064320,1632505856,50663424,49823744,49008640,49926144
1608241152,1606782976,1983770624,50810880,52707328,51507200,820916224,65519616,1853448192,1963675648,1540661248,1699618816,50663424,49823744,49008640,49926144
1868558336,1541914624,1715314688,50810880,52707328,51507200,820920320,65519616,1945726976,1829445632,2052399104,1655762944,50663424,49823744,49008640,49926144
1683738624,1491628032,1801277440,50810880,52707328,51507200,820920320,65519616,1811496960,1837834240,1582604288,1722875904,50663424,49823744,49008640,49926144
1750851584,1860751360,1748873216,50810880,52707328,51507200,820924416,65519616,1811496960,1837834240,1649717248,1991331840,50663424,49823744,49008640,49926144
1717293056,1525182464,1715445760,50810880,52707328,51507200,820924416,65527808,1836662784,1837834240,1825882112,1655762944,50663424,49823744,49008640,49926144
1784401920,1718132736,1715445760,50810880,52707328,51507200,820924416,65531904,1836662784,1787633664,1691656192,1890660352,50663424,49823744,49008640,49926144
1784401920,1651019776,1740484608,50810880,52707328,51507200,820924416,65531904,1903775744,1921859584,1960108032,1722875904,50663424,49823744,49008640,49926144
1826344960,1726521344,2008940544,50810880,52707328,51507200,820924416,65531904,1845051392,1787633664,1708433408,1722875904,50663424,49823744,49008640,49926144
2094796800,1592295424,1740484608,50810880,52707328,51507200,820924416,65540096,1845051392,1854746624,1815400448,1896951808,50663424,49823744,49008640,49926144
1767755776,1676181504,1757257728,50810880,52707328,51507200,820924416,65540096,1878605824,1795891200,1884598272,1689317376,50663424,49823744,49008640,49926144
1988743168,1747763200,1757257728,50810880,52707328,51507200,820924416,65540096,1878605824,1795891200,1817485312,1689317376,50663424,49823744,49008640,49926144
1876680704,1726513152,1765646336,50810880,52707328,51507200,820924416,65540096,2088337408,2030788608,2052382720,2024882176,50663424,49823744,49008640,49926144
1843122176,1768456192,2034098176,50810880,52707328,51507200,820924416,65540096,1886994432,1829445632,1817485312,1630715904,50663424,49823744,49008640,49926144
2044461056,1768456192,1681891328,50810880,52707328,51507200,820924416,65544192,2088337408,1829445632,1817485312,1630715904,50663424,49823744,49008640,49926144
1843122176,1768456192,1748869120,50810880,52707328,51507200,820924416,65544192,1886994432,1829445632,2018824192,1664151552,50663424,49823744,49008640,49926144
2019295232,2003353600,1748869120,50810880,52707328,51507200,820924416,65548288,1886994432,1779245056,1817485312,1731264512,50663424,49823744,49008640,49926144
1851510784,1768456192,1807593472,50810880,52707328,51507200,820924416,65552384,1912160256,1779245056,1834262528,1731264512,50663424,49823744,49008640,49926144
1851510784,1709867008,2008932352,50810880,52707328,51507200,820924416,65552384,1912160256,1779245056,1968488448,1664151552,50663424,49823744,49008640,49926144
2002649088,1709867008,1807593472,50810880,52707328,51507200,820924416,65552384,1954103296,1795891200,1867821056,1689317376,50663424,49823744,49008640,49926144
1801310208,1726513152,1815982080,50810880,52707328,51507200,820924416,65552384,1954103296,1795891200,1867821056,1689317376,50663424,49823744,49008640,49926144
1801310208,1793626112,1815982080,50810880,52707328,51507200,820924416,65556480,1954103296,2064343040,2203385856,1957769216,50663424,49823744,49008640,49926144
1717424128,1726513152,1849536512,50810880,52707328,51507200,820924416,65560576,1954103296,1795891200,1716953088,1689317376,50663424,49823744,49008640,49926144
1834733568,1961410560,2050875392,50810880,52707328,51507200,820924416,65568768,2222555136,1795891200,1867825152,1823666176,50663424,49823744,49008640,49926144
1857138688,1676271616,1849536512,50810880,52707328,51507200,820924416,65568768,1954103296,1795891200,1783930880,1697705984,50663424,49823744,49008640,49926144
1834733568,1634332672,1874702336,50810880,52707328,51507200,820924416,65568768,2002341888,1795891200,1783930880,1697705984,50663424,49823744,49008640,49926144
2036072448,1835540480,1874702336,50810880,52707328,51507200,820924416,65568768,1954103296,2005618688,2119495680,1991323648,50663424,49823744,49008640,49926144
1834733568,1625812992,1874702336,50810880,52707328,51507200,820924416,65568768,1954103296,1812668416,1783930880,1756426240,50663424,49823744,49008640,49926144
1834733568,1749667840,2008928256,50810880,52707328,51507200,820924416,65568768,1954103296,1963671552,1708564480,1823539200,50663424,49823744,49008640,49926144
1834733568,1684533248,1874702336,50810880,52707328,51507200,820924416,65568768,2021216256,1779245056,1725210624,1689436160,50663424,49823744,49008640,49926144
1784532992,1917726720,1941815296,50810880,52707328,51507200,820924416,65572864,1954103296,1980583936,1792323584,1639104512,50663424,49823744,49008640,49926144
2052984832,1684533248,1824497664,50810880,52707328,51507200,820924416,65581056,1954103296,1779245056,2060775424,1680928768,50663424,49823744,49008640,49926144
1784532992,1692921856,1841143808,50810880,52707328,51507200,820924416,65581056,2155442176,2047696896,1725210624,1680928768,50663424,49823744,49008640,49926144
2030043136,1936207872,1975369728,50810880,52707328,51507200,820924416,65581056,1954103296,1779245056,2027220992,2016493568,50663424,49823744,49008640,49926144
1734201344,1734864896,1841143808,50810880,52707328,51507200,820924416,65581056,1954103296,1779245056,1758765056,1680928768,50663424,49823744,49008640,49926144
1954623488,1936203776,1857925120,50810880,52707328,51507200,820924416,65581056,1954103296,1787502592,1993662464,1764503552,50663424,49823744,49008640,49926144
2052853760,1734864896,1857925120,50814976,52707328,51507200,820924416,65581056,1954103296,1787502592,1758765056,1915822080,50663424,51105792,49008640,49926144
1817956352,1692921856,1857925120,50814976,52707328,51507200,820924416,65581056,1954103296,1787502592,1758765056,1714483200,50663424,51105792,49008640,49926144
1952182272,1827147776,2059264000,50814976,52707328,51507200,820924416,65581056,2088329216,1829445632,1792319488,1781596160,50663424,51105792,49008640,49926144
1817956352,1692921856,1857925120,50814976,52707328,51507200,820924416,65585152,1954103296,1896558592,2060771328,1630715904,50663424,51126272,49008640,49926144
1826344960,1827147776,1933332480,50814976,52707328,51507200,820924416,65585152,2155446272,1846222848,1859432448,1697705984,50663424,51126272,49008640,49926144
2094796800,1718087680,1980174336,50814976,52707328,51507200,820924416,65585152,1954103296,1980448768,1792319488,1697705984,50663424,51126272,49008640,49926144
1826344960,1734864896,1866309632,50814976,52707328,51507200,820924416,65593344,2121887744,1846222848,2060771328,1731260416,50663424,51126272,49008640,49926144
1960574976,1734864896,1933422592,50814976,52707328,51507200,820924416,65593344,1954103296,1846222848,1708564480,1731260416,50663424,51126272,49008640,49926144
1843122176,1751642112,1866313728,50814976,52707328,51507200,820928512,65593344,1954103296,1804410880,1708564480,1731260416,50663424,51126272,49008640,49926144
1859899392,1986539520,2067656704,50814976,52707328,51507200,820928512,65593344,1887125504,1804410880,1741987840,1932599296,50663424,51126272,49008640,49926144
1859899392,1684664320,1866313728,50814976,52707328,51507200,820928512,65593344,1887125504,1871388672,1741987840,1756426240,50663424,51126272,49008640,49926144
1859899392,1684664320,1866313728,50814976,52707328,51507200,820928512,65593344,1920548864,1980448768,2010443776,1957769216,50663424,51126272,49008640,49926144
2061238272,1684664320,2009059328,50814976,52707328,51507200,820928512,65593344,1920548864,1879777280,1758765056,1781592064,50663424,51126272,49008640,49926144
1859899392,1684664320,1807720448,50814976,52707328,51507200,822394880,65593344,1928937472,1879777280,2052386816,1957761024,50663424,51126272,49008640,49926144
1859899392,1684664320,1807720448,50814976,52707328,51507200,822394880,65593344,1928937472,1879777280,1783930880,1823535104,50663424,51126272,49008640,49926144
2069630976,1684664320,1807720448,50814976,52707328,51507200,822394880,65593344,1928937472,2014003200,1783930880,2024873984,50663424,51126272,49008640,49926144
1868288000,1919426560,1849532416,50814976,52707328,51507200,822398976,65593344,1928937472,2014003200,1800708096,1823535104,50663424,51126272,49008640,49926144
1868288000,1718087680,2017316864,50814976,52707328,51507200,823734272,65593344,2063163392,1879777280,1800708096,1823535104,50663424,51126272,49008640,49926144
1868288000,1827143680,1849532416,50814976,52707328,51507200,823734272,65593344,1928937472,1879777280,2018828288,1773322240,50663424,51126272,49008640,49926144
1868288000,1760030720,1857921024,50814976,52707328,51507200,823734272,65597440,1928937472,1837965312,1817485312,1773322240,50663424,51126272,49008640,49926144
1868288000,1760030720,1857921024,50814976,52707328,51507200,824492032,65601536,1928937472,1905078272,1834401792,1840435200,50663424,51126272,49008640,49926144
1876676608,2028482560,1857921024,50814976,52707328,51507200,824492032,65601536,1962491904,1846358016,1741987840,1840435200,50663424,51126272,49008640,49926144
1885065216,1760030720,2059259904,50814976,52707328,51507200,824492032,65601536,1962491904,1779245056,1741987840,1773322240,50663424,51126272,49008640,49926144
1885065216,1760030720,1807720448,50814976,52707328,51507200,824492032,65601536,1962491904,1997230080,1884602368,1722990592,50663424,51126272,49008640,49926144
1885065216,1827147776,1824366592,50814976,52707328,51507200,824492032,65601536,1962491904,1795891200,1750376448,1722990592,50663424,51126272,49008640,49926144
2052849664,1760030720,1958592512,50814976,52707328,51507200,824492032,65601536,2012823552,1812668416,2027216896,1689436160,50663424,51126272,49008640,49926144
1885065216,1760030720,1958592512,50814976,52707328,51507200,824492032,65601536,2012823552,1812668416,1758765056,1689436160,50663424,51126272,49008640,49926144
1885065216,1760030720,1824366592,50814976,52707328,51507200,826830848,65601536,2012823552,1946894336,1993662464,1817374720,50663424,51126272,49008640,49926144
1885065216,1768419328,1866313728,50814976,52707328,51507200,826830848,65601536,2012823552,1812668416,1758765056,1722994688,50663424,51126272,49008640,49926144
1893453824,1927811072,1883090944,50814976,52707328,51507200,826830848,65601536,2012823552,2014007296,2027216896,1957892096,50663424,51126272,49008640,49926144
1893453824,1827139584,1883090944,50814976,52707328,51507200,826830848,65605632,2012823552,1812668416,1758765056,1706094592,50663424,51126272,49004544,49926144
1834864640,1961365504,1883090944,50814976,52707328,51507200,826830848,65605632,2012823552,1812668416,1758765056,1773207552,50663424,51126272,49004544,49926144
2086408192,1827274752,2017316864,50814976,52707328,51507200,826830848,65609728,2012823552,1980452864,1825873920,1773207552,50663424,51126272,49004544,49926144
1566429184,1785196544,1891479552,50814976,52707328,51507200,826830848,65609728,2012823552,1812668416,1825873920,1664270336,50663424,51126272,49004544,49926144
1784410112,1852309504,2025705472,50814976,52707328,51507200,826830848,65609728,2029600768,1879781376,1842651136,1672540160,50663424,51126272,49004544,49926144
2000637952,1785196544,1816109056,50814976,52707328,51507200,826830848,65609728,2130272256,1812668416,1842651136,1672540160,50663424,51126272,49004544,49926144
1650184192,1785196544,1874702336,50814976,52707328,51507200,826830848,65613824,2029600768,1837834240,1842651136,1706094592,50663424,51126272,49004544,49926144
2002518016,1986535424,1874702336,50814976,52707328,51507200,826830848,65622016,2029600768,1944801280,1842651136,1706094592,50663424,51126272,49004544,49926144
1801179136,1785196544,1816109056,50814976,52707328,51507200,826830848,65626112,2029600768,1796022272,1851039744,1764814848,50663424,51126272,49004544,49926144
2094796800,1822892032,2059259904,50814976,52707328,51507200,826830848,65626112,2029600768,1930248192,1851039744,1764814848,50663424,51126272,49004544,49926144
2019282944,1785196544,1857921024,50814976,52707328,51507200,826830848,65626112,2029600768,1796022272,1918152704,1764814848,50663424,51126272,49004544,49926144
1893453824,1986535424,2008924160,50814976,52707328,51507200,826830848,65630208,2029600768,1796022272,1851039744,1697824768,50663424,51126272,49004544,49926144
1977344000,1785196544,1816109056,50814976,52707328,51507200,826830848,65630208,2105102336,1796022272,1851039744,1873879040,50663424,51126272,49004544,49926144
1910231040,1827139584,1857925120,50814976,52707328,51507200,826830848,65630208,2037989376,1796022272,1851039744,1739649024,50663424,51126272,49004544,49926144
1910231040,1827139584,1857925120,50814976,52707328,51507200,826830848,65630208,2037989376,1863135232,1918152704,1630715904,50663424,51126272,49004544,49926144
1910231040,1827139584,1857925120,50814976,52707328,51507200,826830848,65630208,2037989376,1796022272,1851039744,1697828864,50663424,51126272,49004544,49926144
1910231040,1869082624,1857925120,50814976,52707328,51507200,826830848,65634304,2105241600,2030919680,1851039744,1714487296,50663424,51126272,49004544,49926144
2054250496,1869082624,1857925120,50814976,52707328,51507200,826830848,65634304,1971011584,1796022272,1775673344,1647374336,50663424,51126272,49004544,49926144
1860030464,1869082624,1857925120,50814976,52707328,51507200,826830848,65634304,2172350464,1796022272,1783930880,1915826176,50663424,51126272,49004544,49926144
2036072448,1810493440,1857925120,50814976,52707328,51507200,826830848,65634304,2172350464,1804279808,1783930880,1680928768,50663424,51126272,49004544,49926144
2002513920,1835528192,1891479552,50814976,52707328,51507200,826830848,65638400,2172350464,1869295616,2119495680,1949380608,50663424,51126272,49004544,49926144
1868288000,1852305408,1891479552,50814976,52707328,51507200,826830848,65638400,1971011584,1779245056,1851043840,1630715904,50663424,51126272,49004544,49926144
2036072448,1919418368,1891479552,50814976,52707328,51507200,826830848,65638400,1971011584,1779245056,1716953088,1630715904,50663424,51126272,49004544,49926144
1868288000,1852305408,1841274880,50814976,52707328,51507200,826830848,65638400,1987657728,2014142464,2052517888,1731260416,50663424,51126272,49004544,49926144
2069630976,2053644288,2042613760,50814976,52707328,51507200,826830848,65638400,1987657728,1795891200,1716953088,1731260416,50663424,51126272,49004544,49926144
1868288000,1852305408,1841274880,50814976,52707328,51507200,826830848,65638400,2121883648,1997225984,1993658368,1966153728,50663424,51126272,49004544,49926144
1868288000,1869082624,1883090944,50814976,52707328,51507200,826834944,65642496,1987657728,1863000064,1792319488,1764814848,50663424,51126272,49004544,49926144
2069626880,1869082624,2017316864,50814976,52707328,51507200,826834944,65642496,1987657728,1863000064,1968496640,1855004672,50663424,51126272,49004544,49926144
1868288000,1869082624,1883090944,50814976,52707328,51507200,826834944,65642496,1987657728,2064338944,1842651136,1714601984,50663424,51126272,49004544,49926144
2002513920,1810493440,2050875392,50814976,52707328,51507200,826834944,65642496,1987657728,1863000064,1842651136,1930633216,50663424,51126272,49004544,49926144
1868288000,1810493440,1883090944,50814976,52707328,51507200,826834944,65642496,2121887744,2030784512,1884594176,1798496256,50663424,51126272,49004544,49926144
1885065216,1978277888,1832886272,50814976,52707328,51507200,826839040,65642496,1987657728,1863000064,1884594176,1664270336,50663424,51126272,49004544,49926144
2086404096,1760161792,2000543744,50814976,52707328,51507200,826839040,65642496,2060230656,1963675648,2108284928,1748041728,50663424,51126272,49004544,49926144
1834864640,1726607360,1866313728,50814976,52707328,51507200,826839040,65654784,2004434944,1795891200,1918148608,1748041728,50663424,51126272,49004544,49926144
1876676608,1860833280,1883090944,50814976,52707328,51507200,826839040,65654784,2004434944,1795891200,1918148608,1756430336,50663424,51126272,49004544,49926144
1876676608,1751642112,1883090944,50814976,52707328,51507200,826839040,65654784,2004434944,1795891200,1926537216,1823543296,50663424,51126272,49004544,49926144
1910231040,1885872128,1883090944,50798592,52707328,51507200,826839040,65658880,2138660864,1795891200,2002046976,1957773312,50663424,51126272,49004544,49926144
2111569920,1894256640,2017316864,50798592,52707328,51507200,826839040,65658880,2004434944,1795891200,1926537216,1689317376,50663424,51126272,49004544,49926144
1910231040,1768419328,1883090944,50798592,52707328,51507200,826839040,65658880,2096721920,1795891200,2060763136,1689317376,50663424,51126272,49004544,49926144
1927008256,1902645248,1883090944,50798592,52707328,51507200,826839040,65658880,1937457152,1795891200,1926537216,1714483200,50663424,51126272,49004544,49926144
1927008256,1768419328,1883090944,50798592,52707328,51507200,826839040,65658880,1937457152,1795891200,1834393600,1714483200,50663424,51126272,49004544,49926144
1927008256,1810362368,1883090944,50798592,52707328,51507200,826839040,65658880,1937457152,1997230080,1834393600,2050048000,50663424,51126272,49004544,49926144
2061234176,1810362368,1883090944,50798592,52707328,51507200,826839040,65658880,1937457152,1795891200,1834393600,1714483200,50663424,51126272,49004544,49926144
1927008256,1827139584,1883090944,50814976,52707328,51507200,826839040,65667072,1937457152,1930117120,2002178048,1890656256,50663424,51126272,49004544,49926144
1927016448,1827139584,1832890368,50814976,52707328,51507200,826839040,65667072,2004570112,1821057024,1851039744,1689317376,50663424,51126272,49004544,49926144
1927016448,1659498496,1832890368,50814976,52707328,51507200,826839040,65667072,1870348288,1821057024,2052378624,1817255936,50663424,51126272,49004544,49926144
1927016448,1927815168,1740611584,50814976,52707328,51507200,826839040,65671168,2029608960,1821057024,1851039744,1722871808,50663424,51126272,49004544,49926144
1927016448,1726476288,2009063424,50814976,52707328,51507200,826839040,65671168,1895383040,1779245056,1851039744,1722871808,50663424,51126272,49004544,49926144
1876242432,1760030720,1740611584,50814976,52707328,51507200,826839040,65675264,2096726016,1779245056,1859428352,1999716352,50663424,51126272,49004544,49926144
2062389248,1936203776,1941950464,50814976,52707328,51507200,826839040,65675264,1895383040,1846358016,1859428352,1731260416,50663424,51126272,49004544,49926144
1876242432,1768419328,1740611584,50814976,52707328,51507200,826839040,65679360,1920548864,2114809856,1859428352,1932599296,50663424,51126272,49004544,49926144
1876242432,1801973760,1748869120,50814976,52707328,51507200,826839040,65679360,1920548864,1779245056,1859428352,1731260416,50663424,51126272,49004544,49926144
2077581312,1801973760,1794932736,50814976,52707328,51507200,826839040,65679360,1938644992,2005622784,1876205568,2066825216,50663424,51126272,49004544,49926144
1876242432,1734995968,1790816256,50814976,52707328,51507200,826839040,65683456,1876385792,1804279808,1876205568,1731260416,50663424,51126272,49004544,49926144
1876242432,1734995968,2025713664,50814976,52707328,51507200,826839040,65683456,2010611712,2005618688,1960095744,1865486336,50663424,51126272,49004544,49926144
1876242432,1760030720,1790816256,50814976,52707328,51507200,826839040,65683456,1884643328,1812672512,1892982784,1773203456,50663424,51126272,49004544,49926144
1884499968,1776807936,1824370688,50814976,52707328,51507200,826839040,65683456,2018869248,1879781376,2094321664,1773203456,50663424,51126272,49004544,49926144
1985167360,1776807936,1833246720,50814976,52707328,51507200,826839040,65683456,1918197760,1879781376,1809227776,1789980672,50663424,51126272,49004544,49926144
1918054400,1776807936,1857925120,50814976,52707328,51507200,826839040,65683456,1943363584,1812668416,1943453696,1789980672,50663424,51126272,49004544,49926144
2052280320,1911033856,1925038080,50814976,52707328,51507200,826839040,65683456,1943363584,1837834240,1851039744,1789980672,50663424,51126272,49004544,49926144
1918054400,1801973760,1816113152,50814976,52707328,51507200,826839040,65687552,1943363584,1837834240,1970585600,1789980672,50663424,51126272,49004544,49926144
1859465216,2003312640,2017452032,50814976,52707328,51507200,826839040,65691648,1951752192,1988837376,1851039744,1789980672,50663424,51126272,49004544,49926144
1926578176,1801973760,1765777408,50814976,52707328,51507200,826839040,65691648,2018865152,1854611456,1851039744,1789980672,50663424,51126272,49004544,49926144
1901277184,1843916800,1824370688,50814976,52707328,51507200,826839040,65691648,1960140800,1871388672,1859428352,1789980672,50663424,51126272,49004544,49926144
1901277184,1843916800,1891483648,50814976,52707328,51507200,826839040,65691648,1960140800,1871388672,1859428352,1789980672,50663424,51126272,49004544,49926144
1901277184,1860694016,1824370688,50814976,52707328,51507200,826839040,65691648,1968529408,1938501632,2127880192,1857093632,50663424,51126272,49004544,49926144
1901277184,1869082624,2000543744,50814976,52707328,51507200,826839040,65695744,1968529408,1904943104,1859428352,1815146496,50663424,51126272,49004544,49926144
2052280320,1869082624,1832759296,50814976,52707328,51507200,826839040,65695744,1968529408,2240507904,1876205568,2016485376,50663424,51126272,49004544,49926144
1918054400,1793716224,1832759296,50814976,52707328,51507200,826839040,65695744,2169868288,1904943104,1876205568,1815146496,50663424,51126272,49004544,49926144
1934831616,1978146816,1966985216,50814976,52707328,51507200,826839040,65695744,1968529408,1863131136,2102714368,1815146496,50663424,51126272,49004544,49926144
1934831616,1625944064,1723834368,50814976,52707328,51507200,826839040,65695744,1901551616,1871388672,1901371392,1815146496,50663424,51126272,49004544,49926144
1876242432,1864466432,1790947328,50814976,52707328,51507200,826839040,65695744,2029481984,1938501632,1901371392,1840435200,50663424,51126272,49004544,49926144
2010468352,1667756032,1723834368,50814976,52707328,51507200,826839040,65695744,1901551616,1829576704,1901371392,1840435200,50663424,51126272,49004544,49926144
1892888576,1734864896,1790947328,50814976,52707328,51507200,826843136,65699840,1956081664,1829576704,1968484352,1773322240,50663424,51126272,49004544,49926144
1892888576,1734864896,1992286208,50814976,52707328,51507200,826843136,65703936,2052423680,1846222848,1934925824,1773322240,50663424,51126272,49004544,49926144
2027114496,1743253504,1732091904,50814976,52707328,51507200,826843136,65703936,1918197760,1846222848,1934925824,1773322240,50663424,51126272,49004544,49926144
1934831616,1986539520,1748869120,50814976,52707328,51507200,826843136,65703936,1943363584,1846222848,1934925824,1857093632,50663424,51126272,49004544,49926144
2018856960,1751642112,1748869120,50814976,52707328,51507200,826847232,65703936,1943363584,1854746624,1934925824,1789980672,50663424,51126272,49004544,49926144
1884631040,1760030720,1748869120,50814976,52707328,51507200,826847232,65703936,2144702464,2039308288,2069151744,1789980672,50663424,51126272,49004544,49926144
1918054400,1932238848,1624002560,50814976,52707328,55476224,826847232,101519360,1943363584,1787633664,1934925824,1722990592,50663424,51126272,49004544,49926144
1985167360,1936203776,1624002560,50814976,52707328,55476224,938287104,66420736,1943363584,1787633664,2085928960,1748037632,50663424,51126272,49004544,49926144
1867853824,1768419328,1624002560,50814976,52707328,55476224,938287104,66420736,1943363584,1795891200,1951703040,1706213376,50663424,51126272,49004544,49926144
1851904000,1221722112,1624002560,51404800,51867648,55476224,1087578112,67235840,1943363584,1797992448,1951703040,1773326336,50663424,51126272,49004544,49926144
1851904000,1221722112,1624002560,51404800,51867648,55476224,1087578112,67239936,1960140800,1804279808,1968480256,1773326336,50663424,51126272,49004544,49926144
1851904000,1221722112,1624002560,51404800,51867648,55476224,1087578112,67239936,1960140800,1804279808,1968480256,1773326336,50663424,51126272,49004544,49926144
1851904000,1221722112,1624002560,51412992,51871744,55476224,1087582208,67239936,2111148032,1812668416,2102706176,1974665216,50663424,51126272,49004544,49926144
1851904000,1221722112,1624002560,51412992,51871744,55476224,1087582208,67244032,1976918016,1879781376,1968480256,1706213376,50663424,51126272,49004544,49926144
1851904000,1221722112,1624002560,51412992,51871744,55480320,1087582208,67244032,2044030976,1846222848,2077675520,1764814848,50663424,51126272,49004544,49926144
1851904000,1221722112,1624002560,51417088,51871744,55480320,1087582208,67248128,1993695232,1846222848,1876336640,1764814848,50663424,51126272,49004544,49926144
1851904000,1221722112,1624002560,51417088,51871744,55480320,1087582208,67252224,2161479680,1846222848,2077675520,1899040768,50663424,51126272,49004544,49926144
1851904000,1221722112,1624002560,51417088,51871744,55480320,1087582208,67252224,2060808192,1846222848,1876336640,1764814848,50663424,51126272,49004544,49926144
1851904000,1221722112,1624002560,51417088,51871744,55480320,1087582208,67252224,1993695232,1863000064,1892982784,1764814848,50663424,51126272,49004544,49926144
1851904000,1221722112,1624002560,51417088,51871744,55480320,1087582208,67252224,1993695232,1863000064,1892982784,1781592064,50663424,51126272,49004544,49926144
1851904000,1221722112,1624002560,51417088,51871744,55480320,1087582208,67252224,1993695232,1863000064,2094321664,1781592064,50663424,51126272,49004544,49926144
1851904000,1221722112,1624002560,51417088,51871744,55480320,1087582208,67252224,2127921152,1871388672,1826004992,1915817984,50663424,51126272,49004544,49926144
1851904000,1221722112,1624002560,51417088,51871744,55480320,1087582208,67256320,1993695232,1821188096,1826004992,1781592064,50663424,51126272,49004544,49926144
1851904000,1221722112,1624002560,51417088,51871744,55480320,1087582208,67260416,1993695232,1821196288,1826004992,1949376512,50663424,51126272,49004544,49926144
1851904000,1221722112,1624002560,51417088,51871744,55480320,1087582208,67260416,1993695232,1821196288,1826004992,1722990592,50663424,51126272,49004544,49926144
1851904000,1221722112,1624002560,51417088,51838976,55480320,1087582208,67260416,1993695232,1904955392,1851039744,1722990592,50663424,51126272,49004544,49926144
1851904000,1221722112,1624002560,51417088,51859456,55480320,1087582208,67268608,1876385792,1972068352,1851039744,1722990592,50663424,51126272,49004544,49926144
1851904000,1221722112,1624002560,51417088,51859456,55480320,1087582208,67268608,2035650560,1837842432,1851039744,1731260416,50663424,51126272,49004544,49926144
1851904000,1221722112,1624002560,51417088,51859456,55480320,1087582208,67276800,1901420544,1837842432,1851039744,1731260416,50663424,51126272,49004544,49926144
1851904000,1221722112,1624002560,51417088,51859456,55480320,1087582208,67276800,2102759424,1871396864,2119491584,1957769216,50663424,51126272,49004544,49926144
1851904000,1221722112,1624002560,51417088,51859456,55480320,1087582208,67280896,1901424640,1871396864,1851039744,1756426240,50663424,51126272,49004544,49926144
1851908096,1221722112,1624002560,51417088,51859456,55480320,1087582208,67284992,2039848960,1938505728,1851039744,1756426240,50663424,51515392,49004544,49926144
1851908096,1221722112,1624006656,51417088,51859456,55480320,1087582208,67284992,2035646464,1938505728,1851039744,1764814848,50663424,51515392,49004544,49926144
1851908096,1221722112,1624006656,51417088,51859456,55480320,1087582208,67289088,1901420544,2106290176,1851039744,1764814848,50663424,51515392,49004544,49926144
1851908096,1221722112,1624006656,51417088,51859456,55480320,1087582208,67289088,1943363584,1980452864,1985265664,1764814848,50663424,51515392,49004544,49926144
1851908096,1221722112,1624006656,51417088,51859456,55480320,1087582208,67289088,1943363584,1980452864,1851039744,1714601984,50663424,51515392,49004544,49926144
1851908096,1221722112,1624006656,51417088,51859456,55480320,1087582208,67297280,2077589504,1980452864,2052378624,1731260416,50663424,51515392,49004544,49926144
1851912192,1221722112,1624006656,51417088,51859456,55480320,1087582208,67297280,1951752192,1980452864,1851039744,1731260416,50663424,51515392,49004544,49926144
1851912192,1221722112,1624006656,51417088,51859456,55480320,1087582208,67297280,2018865152,1980452864,1851039744,1731260416,50663424,51515392,49004544,49926144
1851912192,1221726208,1624006656,51417088,51859456,55480320,1087582208,67301376,2018865152,1980452864,1851039744,1731260416,50663424,51515392,49004544,49926144
1851912192,1221726208,1624006656,51417088,51859456,55484416,1087582208,67305472,1884774400,1980452864,1851039744,1731260416,50663424,51515392,49004544,49926144
1851912192,1221730304,1624006656,51417088,51859456,55484416,1087582208,67305472,1884774400,2014011392,1985265664,1825755136,50663424,51515392,49004544,49926144
1851912192,1221730304,1624010752,51417088,51859456,55484416,1087582208,67309568,1884774400,1980452864,1851039744,1697705984,50663424,51515392,49004544,49926144
1851912192,1221730304,1624010752,51417088,51859456,55484416,1087582208,67313664,2119671808,2114678784,2052513792,1802575872,50663424,51515392,49004544,49926144
1851912192,1221730304,1624010752,51417088,51863552,55484416,1087582208,67317760,1884774400,1980452864,1784061952,1630715904,50663424,51515392,49004544,49926144
1851912192,1221730304,1624010752,51417088,51863552,55488512,1087582208,67317760,2035646464,1980452864,1993658368,1714487296,50663424,51515392,49004544,49926144
1851912192,1221730304,1624010752,51417088,51863552,55488512,1087582208,67321856,1901420544,1980452864,1792319488,1647374336,50663424,51515392,49004544,49926144
1851912192,1221730304,1624010752,51417088,51863552,55488512,1087582208,67325952,1901420544,2047565824,1993658368,1647374336,50663424,51515392,49004544,49926144
1851912192,1221730304,1624010752,51417088,51863552,55488512,1087582208,67325952,1901420544,1980452864,1792319488,1680928768,50663424,51515392,49004544,49926144
1851912192,1221730304,1624010752,51417088,51863552,55488512,1087582208,67325952,1885466624,1980452864,2010435584,1706217472,156454912,51515392,49004544,49926144
1851912192,1221730304,1624010752,51417088,51863552,55488512,1087610880,67325952,1885466624,1980452864,1809096704,1639112704,51105792,51515392,49004544,155504640
1851912192,1221730304,1624010752,51417088,51863552,55488512,1136881664,84611072,1885466624,1763311616,1298362368,1623166976,51105792,51826688,155029504,50171904
1851912192,1221730304,1624010752,51400704,51863552,55488512,1136902144,112627712,1885466624,1763311616,1298362368,1623166976,51105792,51826688,49672192,50171904
1851944960,1221763072,1624010752,51437568,51884032,55488512,1285206016,70254592,1885507584,1763356672,1298362368,1623203840,51126272,51843072,49692672,50180096
1851944960,1221763072,1624043520,51437568,51908608,55508992,1285206016,70340608,1885507584,1763356672,1298362368,1623203840,51126272,65257472,50106368,50180096
1851944960,1221763072,1624043520,86667264,51908608,55508992,1063448576,105369600,1885646848,1803345920,1298460672,1636495360,85364736,86061056,84025344,49238016
1876955136,1260666880,1701150720,50876416,52318208,91271168,1063448576,72056832,1940795392,1821278208,1366999040,1652457472,50253824,50925568,48881664,49238016
1876946944,1276628992,1717112832,50876416,52318208,56152064,1063448576,72060928,1956749312,1821278208,1366999040,1652457472,50253824,50925568,48881664,49238016
1876946944,1276628992,1717112832,50876416,52318208,56152064,1063448576,72056832,1956749312,1821278208,1366999040,1652457472,50253824,50925568,48881664,49238016
1876946944,1276628992,1717112832,50876416,52318208,56152064,1063448576,72056832,1956749312,1821278208,1366999040,1652457472,50253824,50925568,48881664,49238016
1876946944,1276628992,1717112832,50876416,52318208,56152064,1063448576,72052736,1956749312,1821278208,1366999040,1652457472,50253824,50925568,48877568,49238016
1876946944,1276628992,1717112832,50876416,52318208,56152064,1063448576,72048640,1956749312,1821278208,1366999040,1652457472,50253824,50925568,48877568,49238016
1876946944,1276628992,1717112832,50876416,52318208,56152064,1063448576,72048640,1956749312,1821278208,1366999040,1652457472,50253824,50925568,48877568,49238016
1860984832,1276628992,1717112832,50892800,52318208,56152064,1063448576,72056832,1956749312,1821278208,1366999040,1652457472,50253824,50925568,48877568,49238016
1860984832,1260662784,1701150720,50892800,52314112,56193024,1063448576,72060928,1956749312,1821278208,1366999040,1636503552,54775808,50925568,48877568,49250304
1860984832,1260662784,1701150720,50913280,52314112,56193024,1063440384,72097792,1940787200,1805320192,1351045120,1636503552,54784000,51027968,48881664,49278976
1860984832,1260666880,1701191680,50929664,52314112,56213504,1063440384,72245248,1940832256,1805357056,1351081984,1636544512,54800384,51032064,48898048,49278976
1860984832,1260666880,1701191680,50933760,52334592,56213504,1063440384,72294400,1940865024,1805357056,1351081984,1636544512,54947840,51032064,48898048,49278976
1860984832,1260666880,1701191680,50937856,52338688,56233984,1063440384,72364032,1940865024,1805406208,1351102464,1636581376,54947840,51064832,48947200,49295360
1860980736,1260654592,1701224448,50950144,52355072,56233984,1063440384,72429568,1940865024,1805406208,1351106560,1636581376,55357440,56492032,56696832,49295360
1860980736,1260654592,1701224448,50950144,52355072,56233984,1098723328,213467136,1943080960,1866428416,1355403264,1667244032,90128384,86212608,84258816,84516864
1869185024,1312882688,1683304448,51105792,53121024,54841344,1098723328,74637312,2012971008,1895981056,1525702656,1716641792,55009280,51077120,49127424,49397760
1946390528,1771454464,1683296256,51105792,53121024,54841344,1098723328,74633216,2046525440,1904238592,1659781120,1750188032,55009280,51077120,49127424,49397760
1885147136,1456975872,2018861056,51105792,53121024,54841344,1098723328,74629120,2012966912,1904238592,1525555200,1750188032,55009280,51077120,49127424,49397760
1919705088,1772408832,1750405120,51105792,53121024,54841344,1098723328,74629120,2214305792,1904238592,1928232960,2027028480,55009280,51077120,49127424,49397760
1893404672,1622900736,1792352256,51105792,53121024,54841344,1098723328,74629120,2012966912,2038464512,2096009216,1758576640,55009280,51077120,49127424,49397760
1893404672,1557639168,1792352256,51105792,53121024,54841344,1098723328,74633216,2155581440,1946181632,1861107712,1758576640,55009280,51077120,49127424,49397760
2061189120,1977090048,1867849728,51105792,53121024,54841344,1098723328,74637312,2021355520,1946181632,1760436224,1708363776,55009280,51077120,49127424,49397760
1893404672,1708638208,1994739712,51105792,53121024,54841344,1098723328,74637312,2239471616,2147520512,1835937792,1708363776,55009280,51077120,49127424,49397760
2036019200,2002251776,1867849728,51105792,53121024,54841344,1098723328,74637312,2038132736,1946181632,1768824832,1708363776,55009280,51077120,49127424,49397760
2036019200,1800912896,1901404160,51105792,53121024,54841344,1098723328,74637312,2038132736,2122354688,2037280768,1976815616,55009280,51077120,49127424,49397760
1901793280,1809301504,1901404160,51105792,53121024,54841344,1098723328,74637312,2038132736,1954570240,1777213440,1708363776,55009280,51077120,49127424,49397760
2036019200,2044198912,1901404160,51105792,53121024,54841344,1098723328,74637312,2038132736,1990225920,1844326400,1708363776,55009280,51077120,49127424,49397760
1901793280,1809301504,1952870400,51105792,53121024,54841344,1098723328,74637312,2046521344,1954570240,1877880832,1716633600,55009280,51077120,49127424,49397760
1901793280,2010640384,1934958592,51105792,53121024,54841344,1098723328,74637312,2046521344,1954570240,1810767872,1716633600,55009280,51077120,49127424,49397760
2069577728,1809301504,1934958592,51105792,53121024,54841344,1098723328,74637312,2046521344,2021683200,1919823872,1733410816,55009280,51077120,49127424,49397760
1901793280,1767452672,1859592192,51105792,53121024,54841344,1098723328,74637312,2046521344,1954570240,1852710912,1733410816,55009280,51077120,49127424,49397760
2052796416,1767452672,1893015552,51105792,53121024,54841344,1098723328,74637312,2247860224,2155909120,2104385536,2068975616,55009280,51077120,49127424,49397760
1918570496,1716985856,1893015552,51105792,53121024,54841344,1098723328,74637312,2046521344,1954570240,1869488128,1733410816,55009280,51077120,49127424,49397760
1977290752,1817657344,1893015552,51105792,53121024,54841344,1098723328,74637312,2113634304,2122354688,1869488128,1911775232,55009280,51077120,49127424,49397760
2052796416,1750544384,1893015552,51105792,53121024,54841344,1098723328,74637312,2113634304,1954570240,1903042560,1800523776,55009280,51077120,49127424,49397760
1985679360,1750544384,1926569984,51105792,53121024,54841344,1098723328,74637312,2046521344,2155909120,1903042560,1733410816,55009280,51077120,49127424,49397760
1985679360,2060943360,1926569984,51105792,53121024,54841344,1098723328,74641408,2088468480,1954570240,1970155520,1850855424,55009280,51077120,49127424,49397760
1935478784,1792487424,1926569984,51105792,53121024,54841344,1098723328,74641408,2046521344,1954570240,1903042560,1783742464,55009280,51077120,49127424,49397760
1876758528,1931386880,1926569984,51105792,53121024,54841344,1098723328,74641408,2046521344,1954574336,1961766912,1951526912,55009280,51077120,49127424,49397760
1909936128,1876377600,2195021824,51105792,53121024,54841344,1098723328,74641408,2046521344,1954570240,1961766912,1783742464,55009280,51077120,49127424,49397760
1909796864,1809264640,1926569984,51105792,53121024,54841344,1098723328,74645504,2054909952,1954570240,2095992832,2018639872,55009280,51077120,49127424,49397760
2044022784,1993826304,1926569984,51105792,53121024,54841344,1098723328,74645504,2054909952,1954570240,1878007808,1783742464,55009280,51077120,49127424,49397760
1909796864,1826041856,1926569984,51105792,53121024,54841344,1098723328,74645504,2214301696,1954570240,2112905216,2027032576,55009280,51077120,49127424,49397760
1926967296,2027380736,1926569984,51105792,53121024,54841344,1098723328,74649600,2080075776,1954570240,1878007808,1725022208,55009280,51077120,49127424,49397760
2069581824,1826041856,1926569984,51105792,53121024,54841344,1098723328,74657792,2197524480,1954570240,2095992832,1968308224,55009280,51077120,49127424,49397760
1935355904,1826041856,1926569984,51105792,53121024,54841344,1098723328,74657792,2130407424,1954570240,1894653952,1741799424,55009280,51077120,49127424,49397760
2069581824,1826041856,1926569984,51105792,53121024,54841344,1098723328,74657792,2130407424,2139131904,1961766912,1741799424,55009280,51077120,49127424,49397760
1935355904,1851207680,1971212288,51105792,53121024,54841344,1098723328,74657792,2130407424,1971347456,1953374208,1708363776,55009280,51077120,49127424,49397760
1935355904,1851207680,1926569984,51105792,53121024,54841344,1098723328,74657792,2130407424,1971347456,2098098176,1708363776,55009280,51077120,49127424,49397760
2052804608,1851207680,1750536192,51105792,53121024,54841344,1098723328,74657792,2130407424,2004901888,2037268480,1951526912,55009280,51077120,49127424,49397760
1952133120,1884762112,1750536192,51105792,53121024,54841344,1098723328,74661888,2130407424,2004901888,2238607360,2018639872,55009280,51077120,49127424,49397760
1952133120,1884762112,1783959552,51105792,53121024,54841344,1098723328,74661888,2021486592,2004901888,1970155520,1884413952,55009280,51077120,49127424,49397760
1876766720,1901539328,2085974016,51105792,53121024,54841344,1098723328,74661888,2021486592,2004901888,1970155520,1708363776,55009280,51077120,49127424,49397760
1901801472,2102878208,1817518080,51105792,53121024,54841344,1098723328,74661888,2189271040,2004901888,1986932736,1741799424,55009280,51077120,49127424,49397760
1901801472,1901539328,1851072512,51105792,53121024,54841344,1098723328,74661888,2046521344,2004901888,1986932736,1741799424,55009280,51077120,49127424,49397760
1901801472,1901539328,1851072512,51105792,53121024,54841344,1098723328,74661888,2046521344,2021679104,2205044736,1876025344,55009280,51077120,49127424,49397760
2136698880,1968652288,1859461120,51105792,53121024,54841344,1098723328,74661888,2080075776,2021679104,2003705856,1808912384,55009280,51077120,49127424,49397760
1901801472,1901539328,1859461120,51105792,53121024,54841344,1098723328,74661888,2080075776,2021679104,2114863104,1741799424,55009280,51077120,49127424,49397760
1901801472,1901539328,1918181376,51105792,53121024,54841344,1098723328,74661888,2088464384,2021679104,2003705856,1766965248,55009280,51077120,49127424,49397760
2103140352,1901539328,2094354432,51105792,53121024,54841344,1098723328,74661888,2088464384,2088792064,2003705856,1766965248,55009280,51077120,49127424,49397760
1901801472,1901539328,1926569984,51105792,53121024,54841344,1098723328,74661888,1987932160,2156040192,2272157696,1800519680,55009280,51077120,49127424,49397760
1901801472,1901539328,2027241472,51109888,53121024,54841344,1098723328,74665984,2055045120,1954701312,2003705856,1800519680,55009280,51077120,49127424,49397760
1901801472,1901539328,1993682944,51109888,53121024,54841344,1098723328,74665984,2054909952,2021814272,2205044736,2027028480,55009280,51077120,49127424,49397760
1901801472,1901539328,1926569984,51109888,53121024,54841344,1098723328,74665984,2054909952,1954701312,2003705856,1825685504,55009280,51077120,49127424,49397760
2136698880,1901539328,1926569984,51109888,53121024,54841344,1098723328,74665984,2256248832,1954701312,2070818816,1959649280,55009280,51077120,49127424,49397760
1901801472,1901539328,1951735808,51109888,53121024,54841344,1098723328,74665984,2054909952,1954701312,2003705856,1892798464,55009280,51077120,49127424,49397760
1901801472,1901539328,1951735808,51109888,53121024,54841344,1098723328,74665984,2054909952,1954701312,2003705856,1767084032,55009280,51077120,49127424,49397760
1901801472,1901539328,1951735808,51109888,53121024,54841344,1098723328,74670080,2063298560,2156040192,2171490304,1783742464,55009280,51077120,49127424,49397760
1901801472,2035765248,1901535232,51109888,53121024,54841344,1098723328,74670080,2063298560,1954701312,2003705856,1783742464,55009280,51077120,49127424,49397760
2011811840,1901539328,1901535232,51109888,53121024,54841344,1098723328,74670080,2063298560,1954701312,2205044736,2018639872,55009280,51077120,49127424,49397760
1901801472,1901539328,1901535232,51109888,53121024,54841344,1098723328,74670080,2063298560,1962958848,1936728064,1783742464,55009280,51077120,49127424,49397760
2103140352,1995501568,1901535232,51109888,53121024,54841344,1098723328,74674176,2281414656,2017488896,2035306496,2022842368,55009280,51077120,49127424,49397760
1901801472,1901539328,1901535232,51109888,53121024,54841344,1098723328,74674176,2080075776,1962958848,1944985600,1943261184,55009280,51077120,49127424,49397760
1901801472,1901539328,1901535232,51109888,53121024,54841344,1098723328,74674176,2214305792,1962958848,2213437440,1741918208,55009280,51077120,49127424,49397760
2069585920,1968652288,1968648192,51109888,53121024,54841344,1098723328,74674176,2080075776,1895981056,1944985600,1783742464,55009280,51077120,49127424,49397760
1901801472,1901539328,1901535232,51109888,53121024,54841344,1098723328,74674176,2080075776,1895981056,1869619200,1783742464,55009280,51077120,49127424,49397760
1985691648,2102878208,1901535232,51109888,53121024,54841344,1098723328,74674176,2214436864,1912627200,2003845120,2186420224,55009280,51077120,49127424,49397760
1918578688,1817784320,1901535232,51109888,53121024,54841344,1098723328,74674176,2013097984,1912627200,1894653952,1708363776,55009280,51077120,49127424,49397760
1918578688,2052546560,1901535232,51109888,53121024,54841344,1098723328,74678272,2013097984,1979740160,2070822912,1976815616,55009280,51077120,49127424,49397760
1918578688,1851207680,1851199488,51109888,53121024,54841344,1098723328,74682368,2029744128,1929404416,1936596992,1775476736,55009280,51077120,49127424,49397760
1918578688,1733898240,1851199488,51109888,53121024,54841344,1098723328,74678272,2029744128,1929404416,1936596992,1708363776,55009280,51077120,49127424,49397760
2069581824,1884774400,1876234240,51109888,53121024,54841344,1098723328,74678272,2038132736,1929404416,1936596992,1725022208,55009280,51077120,49127424,49397760
1935355904,1775710208,1876234240,51109888,53121024,54841344,1098723328,74678272,2038132736,1996517376,2070958080,1725022208,55009280,51077120,49127424,49397760
1935355904,1977049088,1876234240,51109888,53121024,54841344,1098723328,74678272,2189135872,1954570240,1869619200,1943138304,55009280,51077120,49127424,49397760
2002468864,1775710208,1876234240,51109888,53121024,54841344,1098723328,74678272,2054909952,2088796160,1886265344,1741799424,55009280,51077120,49127424,49397760
1935355904,1792487424,1826033664,51109888,53121024,54841344,1098723328,74678272,2189135872,2019586048,1886265344,1972510720,55009280,51077120,49127424,49397760
2069581824,1865949184,1826033664,51109888,53121024,54841344,1098723328,74678272,2054909952,1954570240,1953374208,1741799424,55009280,51077120,49127424,49397760
1935355904,1817653248,1826033664,51109888,53121024,54841344,1098723328,74678272,2218500096,1954570240,1953374208,1808912384,55009280,51077120,49127424,49397760
2069585920,2077716480,1842814976,51126272,53121024,54841344,1098723328,74678272,2054909952,1954570240,2163101696,1808912384,55009280,51077120,49127424,49397760
1935355904,1876373504,2060804096,51126272,53121024,54841344,1098723328,74678272,2054909952,1954570240,1961762816,1741799424,55009280,51077120,49127424,49397760
2069581824,1876373504,1859461120,51126272,53121024,54841344,1098723328,74678272,1987932160,2088796160,2112770048,2043809792,55009280,51077120,49127424,49397760
1935355904,2010599424,1993687040,51126272,53121024,54841344,1098723328,74678272,2122158080,1954570240,1978540032,1741799424,55009280,51077120,49127424,49397760
1935364096,1893150720,1733758976,51126272,53121024,54841344,1098723328,74690560,2122158080,1954570240,2112765952,1808912384,55009280,51077120,49127424,49397760
2002477056,2027376640,1775570944,51126272,53121024,54841344,1098723328,74690560,1987932160,1954570240,1978540032,1783742464,55009280,51077120,49127424,49397760
1935364096,1893150720,1775570944,51126272,53121024,54841344,1098723328,74690560,2214305792,1954570240,1978540032,1783742464,55009280,51077120,49127424,49397760
1935364096,1909927936,1792348160,51126272,53121024,54841344,1098723328,74690560,2012966912,1954570240,2112765952,2027028480,55009280,51077120,49127424,49397760
2069590016,1909927936,2060804096,51126272,53121024,54841344,1098723328,74690560,2147192832,1954570240,1978540032,1800519680,55009280,51077120,49127424,49397760
1935364096,1909927936,1825906688,51126272,53121024,54841344,1098723328,74690560,2012966912,2155909120,1978540032,2068975616,55009280,51077120,49127424,49397760
1935364096,1910063104,1960132608,51126272,53121024,54841344,1098723328,74690560,2247864320,1954570240,1978540032,1817296896,55009280,51077120,49127424,49397760
1935364096,1842950144,1750536192,51126272,53121024,54841344,1098723328,74690560,2012966912,1954570240,1978540032,2152861696,55009280,51077120,49127424,49397760
1935364096,1884762112,1809129472,51126272,53121024,54841344,1098723328,74690560,2214309888,1971347456,2012094464,1817296896,55009280,51077120,49127424,49397760
1935364096,2052546560,2010468352,51126272,53121024,54841344,1098723328,74690560,2247864320,2139131904,2146320384,1817296896,55009280,51077120,49127424,49397760
1943752704,1884762112,1842683904,51126272,53121024,54841344,1098723328,74690560,2012966912,1971347456,2012094464,1817296896,55009280,51077120,49127424,49397760
2077978624,2027376640,1842683904,51126272,53121024,54841344,1098723328,74690560,2180751360,1971347456,2012094464,1817296896,55009280,51077120,49127424,49397760
1943752704,1893150720,1909796864,51126272,53121024,54841344,1098723328,74690560,2021355520,1971347456,1894785024,1817296896,55009280,51077120,49127424,49397760
1943752704,1901539328,1851072512,51126272,53121024,54841344,1098723328,74690560,2021355520,1971347456,1894785024,1817296896,55009280,51077120,49127424,49397760
2044424192,1901539328,1918185472,51126272,53121024,54841344,1098723328,74694656,2021355520,2105573376,2096123904,1884409856,55009280,51077120,49127424,49397760
1943752704,1909927936,1851072512,51126272,53121024,54841344,1098723328,74694656,2021355520,1971347456,1903042560,1767084032,55009280,51077120,49127424,49397760
2077978624,2086100992,1851072512,51126272,53121024,54841344,1098723328,74698752,2021355520,2027974656,2112770048,1861464064,55009280,51077120,49127424,49397760
1943752704,1918316544,1851072512,51126272,53121024,54841344,1098723328,74698752,2264215552,1971347456,1911431168,1708363776,55009280,51077120,49127424,49397760
2145091584,1918316544,1859461120,51126272,53121024,54841344,1098723328,74698752,2063298560,1971347456,1978544128,1834201088,55009280,51077120,49127424,49397760
1985560576,1918316544,2060800000,51126272,53121024,54841344,1098723328,74698752,2080075776,1971347456,1919819776,1733410816,55009280,51077120,49127424,49397760
1943752704,1918316544,1859461120,51126272,53121024,54841344,1098723328,74706944,2080075776,1971347456,1919819776,1733410816,55009280,51077120,49127424,49397760
2077978624,1985433600,2027245568,51126272,53121024,54841344,1098723328,74711040,2105241600,1971347456,1995321344,1951522816,55009280,51077120,49127424,49397760
1943752704,1851207680,1859461120,51126272,53121024,54841344,1098723328,74711040,2105241600,1971347456,1928208384,1817296896,55009280,51077120,49127424,49397760
1943752704,2052546560,1867849728,51126272,53121024,54841344,1098723328,74711040,2239467520,1971347456,1944985600,2001858560,55009280,51077120,49127424,49397760
2011000832,1851207680,1876238336,51126272,53121024,54841344,1098723328,74711040,2105241600,1971347456,1944985600,1834074112,55009280,51077120,49127424,49397760
2011000832,1851207680,1876238336,51126272,53121024,54841344,1098723328,74711040,2239467520,1971347456,2154713088,1976688640,55009280,51077120,49127424,49397760
1876774912,2052546560,1809256448,51126272,53121024,54841344,1098723328,74711040,2038263808,1971347456,1819287552,1842462720,55009280,51077120,49127424,49397760
1876774912,1851207680,1809256448,51126272,53121024,54841344,1098723328,74711040,2038263808,1971347456,1961910272,2110914560,55009280,51077120,49127424,49397760
2011000832,1893150720,1817513984,51126272,53121024,54841344,1098723328,74711040,2038263808,2113961984,1819287552,1842462720,55009280,51077120,49127424,49397760
1876774912,1893150720,1837121536,51126272,53121024,54841344,1098723328,74711040,2038263808,1979736064,1886400512,1842462720,55009280,51077120,49127424,49397760
1893421056,1909927936,1825902592,51126272,53121024,54841344,1098723328,74711040,2054909952,2030067712,1835933696,1842462720,55009280,51077120,49127424,49397760
1893421056,2111266816,1893015552,51126272,53121024,54841344,1098723328,74711040,2054909952,2030067712,1835933696,1842462720,55009280,51077120,49127424,49397760
1910198272,1909927936,1825902592,51126272,53121024,54841344,1098723328,74715136,2054909952,2030067712,2087604224,1842462720,55009280,51077120,49127424,49397760
1935364096,1977040896,1825902592,51126272,53121024,54841344,1098723328,74719232,2054909952,2030067712,1886265344,1842462720,55009280,51077120,49127424,49397760
1935364096,1909927936,1960128512,51126272,53121024,54841344,1098723328,74719232,2189135872,2038456320,2095992832,1884405760,55009280,51077120,49127424,49397760
1935364096,1918316544,1834291200,51126272,53121024,54841344,1098723328,74719232,2063298560,2038456320,1894653952,1884405760,55009280,51077120,49127424,49397760
2069590016,2052542464,2002075648,51126272,53121024,54841344,1098723328,74719232,2130411520,2038456320,2028879872,2027024384,55009280,51077120,49127424,49397760
1935364096,1918316544,1834291200,51126272,53121024,54841344,1098723328,74719232,2063298560,2038456320,1911431168,1917960192,55009280,51077120,49127424,49397760
2069590016,1926705152,1775702016,51126272,53121024,54841344,1098723328,74723328,2063298560,1971478528,1978544128,2052186112,55009280,51077120,49127424,49397760
1935364096,1926705152,1977040896,51126272,53121024,54841344,1098723328,74723328,2063298560,1996513280,1919819776,1917960192,55009280,51077120,49127424,49397760
1935364096,1851338752,1800736768,51126272,53121024,54841344,1098723328,74723328,2197524480,1996513280,2188271616,2052186112,55009280,51077120,49127424,49397760
1935364096,2052677632,1817513984,51126272,53121024,54841344,1098723328,74723328,1987932160,1996513280,1919819776,1867747328,55009280,51077120,49127424,49397760
1935364096,1851338752,1817513984,51126272,53121024,54841344,1098723328,74723328,2189275136,1996513280,1919819776,2069086208,55009280,51077120,49127424,49397760
1943752704,1859596288,1825906688,51126272,53121024,54841344,1098723328,74727424,1987932160,1937924096,1986932736,1825804288,55009280,51077120,49127424,49397760
1943752704,1859596288,1825906688,51126272,53121024,54841344,1098723328,74727424,1987932160,1937924096,1919819776,1892917248,55009280,51077120,49127424,49397760
1952141312,1867984896,1834295296,51126272,53121024,54841344,1098723328,74727424,2029744128,2105573376,2171494400,1892917248,55009280,51077120,49127424,49397760
2086367232,2102882304,1970929664,51126272,53121024,54841344,1098723328,74727424,2029744128,1971347456,1936596992,1825804288,55009280,51077120,49127424,49397760
1952141312,1867984896,1834295296,51126272,53121024,54841344,1098723328,74727424,2029744128,2172686336,2205048832,1960030208,55009280,51077120,49127424,49397760
1952141312,2095394816,1733758976,51126272,53121024,54841344,1098723328,74727424,2029744128,1895981056,1970151424,1834074112,55009280,51077120,49127424,49397760
1876774912,1867984896,1935097856,51126272,53121024,54841344,1098723328,74727424,2029744128,1895981056,1970151424,1834074112,55009280,51077120,49127424,49397760
1901809664,1901539328,1792348160,51126272,53121024,54841344,1098723328,74727424,2231083008,1937793024,2033070080,2035412992,55037952,51077120,49127424,49397760
2086371328,2035765248,1792348160,51126272,53121024,54841344,1098723328,74727424,2046521344,1937793024,1970151424,1834074112,55037952,51077120,49127424,49397760
1918586880,1909927936,1809129472,51126272,53121024,54841344,1098723328,74727424,2180747264,2097184768,1970151424,2098331648,55037952,51077120,49127424,49397760
1918586880,2018988032,1892384768,51126272,53121024,54841344,1098723328,74727424,2080075776,1963069440,2104377344,1775472640,55037952,51077120,49127424,49397760
1918586880,1918316544,2060804096,51126272,53121024,54841344,1098723328,74727424,2281414656,2097295360,1970151424,1976811520,55037952,51077120,49127424,49397760
1935364096,1926705152,1825906688,51126272,53121024,54841344,1098723328,74727424,2080075776,1963069440,1970151424,1783742464,55037952,51077120,49127424,49397760
2136702976,1926705152,2044022784,51126272,53121024,54841344,1098723328,74727424,2080075776,2164912128,1970151424,1850855424,55037952,51077120,49127424,49397760
1935364096,1951870976,1842683904,51126272,53121024,54841344,1098723328,74727424,2214301696,1963573248,1970151424,1825685504,55037952,51077120,49123328,49397760
1935364096,2018983936,1842683904,51126272,53121024,54841344,1098723328,74727424,2187042816,2030686208,1894785024,1959911424,55037952,51077120,49123328,49397760
1935364096,1951870976,1842683904,51126272,53121024,54841344,1098723328,74727424,2080075776,1896595456,2146328576,1825685504,55037952,51077120,49123328,49397760
1935364096,2153209856,1842683904,51126272,53121024,54841344,1098723328,74731520,2004709376,1896751104,1911431168,1951645696,55037952,51077120,49123328,49397760
2136702976,1876504576,1976909824,51126272,53121024,54841344,1098723328,74731520,2132647936,1896751104,1911431168,1775353856,55037952,51077120,49123328,49397760
1935364096,1809395712,1842683904,51126272,53121024,54841344,1098723328,74731520,2063208448,1896796160,1836064768,2013331456,55037952,51077120,49123328,49397760
2136702976,2010734592,1893015552,51126272,53121024,54841344,1098723328,74731520,2004717568,2165248000,2138079232,1783742464,55037952,51077120,49123328,49397760
1935364096,1809395712,1893015552,51126272,53121024,54841344,1098723328,74731520,2004717568,1896796160,1836064768,1783742464,55037952,51077120,49123328,49397760
1935364096,2018992128,1893015552,51126272,53121024,54841344,1098723328,74731520,2138943488,2098135040,2129555456,1985081344,55037952,51077120,49123328,49397760
2136702976,2005352448,2161467392,51126272,53121024,54841344,1098723328,74731520,2004717568,1896947712,1861099520,1850855424,55037952,51077120,49123328,49397760
1935364096,1826041856,1893015552,51126272,53121024,54841344,1098723328,74731520,2239614976,2140102656,1932410880,2010370048,55037952,51077120,49123328,49397760
1935364096,2052546560,1909792768,51126272,53121024,54841344,1098723328,74731520,2004717568,1905205248,1894653952,1741918208,55037952,51077120,49123328,49397760
1935364096,1851207680,1909792768,51126272,53121024,54841344,1098723328,74731520,2052956160,1905205248,1894653952,2010370048,55037952,51077120,49123328,49397760
1935364096,1851207680,1909792768,51126272,53121024,54841344,1098723328,74731520,2004717568,1905217536,1953374208,1750188032,55037952,51077120,49123328,49397760
1935364096,1851207680,1909792768,51126272,53121024,54841344,1098723328,74735616,2239614976,2089779200,2087600128,1750188032,55037952,51077120,49123328,49397760
1935364096,1851207680,1659084800,51126272,53121024,54841344,1098723328,110268416,2004717568,1921994752,1940926464,1750188032,55037952,51077120,49123328,49397760
1919410176,1462312960,1659084800,51126272,53121024,52547584,1171165184,110268416,2136846336,1921994752,1878007808,1976692736,55037952,51077120,49123328,49397760
1919401984,1312890880,1659084800,53170176,53252096,52547584,1236938752,75972608,2004717568,2123333632,1886265344,1859252224,55037952,51077120,49123328,49397760
1919401984,1312890880,1659084800,53170176,53252096,52547584,1236938752,75972608,2004717568,1921994752,1886265344,1792131072,55037952,51077120,49123328,49397760
1919401984,1312890880,1659084800,53170176,53252096,52547584,1236938752,75972608,2004717568,2131726336,2137944064,1792131072,55037952,51077120,49123328,49397760
1919401984,1312890880,1659084800,53170176,53252096,52547584,1236938752,75972608,2206056448,1930383360,1903042560,1876021248,55037952,51077120,49123328,49397760
1919401984,1312890880,1659084800,53174272,53252096,52547584,1236938752,75980800,2004717568,2098167808,1903042560,1808908288,55037952,51077120,49123328,49397760
1919401984,1312890880,1659084800,53174272,53252096,52547584,1236938752,75984896,2260590592,1930383360,1944985600,1876021248,55037952,51077120,49123328,49397760
1919401984,1312890880,1659084800,53174272,53252096,52551680,1236938752,75988992,2004717568,1930383360,1944985600,1808908288,55037952,51077120,49123328,49397760
1919401984,1312890880,1659084800,53174272,53252096,52551680,1236938752,75988992,2239614976,1930383360,2179878912,1876021248,55037952,51077120,49123328,49397760
1919401984,1312890880,1659084800,53174272,53252096,52551680,1236938752,75988992,2038140928,1930383360,1978540032,1758695424,55037952,51077120,49123328,49397760
1919401984,1312890880,1659084800,53178368,53256192,52551680,1236938752,75997184,2046529536,2140110848,2062430208,1925324800,55037952,51077120,49123328,49397760
1919401984,1312890880,1659084800,53178368,53256192,52551680,1236938752,75997184,2071695360,1938771968,1919950848,1775353856,55037952,51077120,49123328,49397760
1919401984,1312890880,1659084800,53178368,53256192,52551680,1236938752,76001280,2071695360,1938841600,1919950848,1775353856,55037952,51077120,49123328,49397760
1919401984,1312890880,1659084800,53178368,53256192,52551680,1236938752,76001280,2071695360,1972396032,1944985600,1817296896,55037952,51077120,49123328,49397760
1919401984,1312890880,1659084800,53178368,53256192,52555776,1236938752,76001280,2071695360,1972396032,1944985600,1817296896,55037952,51077120,49123328,49397760
1919401984,1312890880,1659084800,53178368,53256192,52555776,1236938752,76005376,2273034240,1972396032,2154717184,2038566912,55037952,51077120,49123328,49397760
1919401984,1312890880,1659084800,53178368,53256192,52555776,1236938752,76005376,2071695360,1972404224,1953374208,1817296896,55037952,51077120,49123328,49397760
1919401984,1312890880,1659084800,53178368,53256192,52555776,1236938752,76005376,2205921280,2140188672,2121158656,1842462720,55037952,51077120,49123328,49397760
1919401984,1312890880,1659084800,53178368,53256192,52555776,1236938752,76009472,2071695360,1972404224,1978540032,1842462720,55037952,51077120,49123328,49397760
1919401984,1312890880,1659084800,53178368,53256192,52559872,1236938752,76009472,2205921280,2173743104,2179878912,1842462720,55037952,51077120,49123328,49397760
1919401984,1312890880,1659084800,53178368,53256192,52559872,1236938752,76009472,2071695360,1972404224,1978540032,1842462720,55037952,51077120,49123328,49397760
1919401984,1312890880,1659084800,53178368,53256192,52559872,1236938752,76013568,2205921280,2039517184,2100183040,1951645696,55037952,51077120,49123328,49397760
1919401984,1312890880,1659084800,53178368,53256192,52559872,1236938752,76017664,2071695360,1972539392,1986928640,1766965248,55037952,51077120,49123328,49397760
1919401984,1312890880,1659084800,53178368,53256192,52559872,1236938752,76017664,2071695360,1905426432,1986928640,1834078208,55037952,51077120,49123328,49397760
1919401984,1312890880,1659084800,53178368,53256192,52559872,1236938752,76025856,2138808320,2081468416,2121154560,1775353856,55037952,51077120,49123328,49397760
1919401984,1312890880,1659084800,53178368,53260288,52563968,1236938752,76025856,2105249792,1913683968,1986928640,1834074112,55037952,51077120,49123328,49397760
1919401984,1312890880,1659084800,53178368,53260288,52563968,1236938752,76025856,2105249792,2115022848,1986928640,1834074112,55037952,51077120,49123328,49397760
1919401984,1312890880,1659084800,53178368,53260288,52563968,1236938752,76025856,2105249792,1913683968,1986928640,1850851328,55037952,51077120,49123328,49397760
1919401984,1312890880,1659084800,53182464,53260288,52563968,1236938752,76025856,2105249792,1913683968,1986928640,1850851328,55037952,51077120,49123328,49397760
1919401984,1312890880,1659084800,53182464,53264384,52563968,1236938752,76025856,2038272000,1913683968,1986928640,1859239936,55037952,51077120,49123328,49397760
1919401984,1312890880,1659084800,53182464,53264384,52563968,1236938752,76029952,2038272000,1913683968,1986928640,1859239936,55037952,51077120,49123328,49397760
1919401984,1312890880,1659084800,53182464,53264384,52563968,1236938752,76029952,2038272000,1913683968,1986928640,2060578816,55037952,51077120,49123328,49397760
1919401984,1312890880,1659084800,53182464,53264384,52563968,1236938752,76029952,2038272000,2047909888,1986928640,1859239936,55037952,51077120,49123328,49397760
1919401984,1312890880,1659084800,53182464,53264384,52563968,1236938752,76029952,2264645632,1913683968,1986928640,2060578816,55037952,51077120,49123328,49397760
1919401984,1312890880,1659084800,53182464,53264384,52531200,1236938752,76038144,2063306752,1913683968,1986928640,1817415680,55037952,51077120,49123328,49397760
1919401984,1312890880,1659084800,53182464,53268480,52547584,1236938752,76046336,2239479808,1913683968,1986928640,1985200128,55037952,51077120,49123328,49397760
1919401984,1312890880,1659084800,53182464,53268480,52547584,1236938752,76046336,1996328960,1913683968,1919950848,1905504256,55037952,51077120,49123328,49397760
1919401984,1312890880,1659084800,53182464,53268480,52547584,1236938752,76054528,2239488000,2115022848,2054176768,2111037440,55037952,51077120,49123328,49397760
1919401984,1312890880,1659084800,53182464,53268480,52547584,1236938752,76054528,2054918144,1913683968,1928208384,1842589696,55037952,51077120,49123328,49397760
1919401984,1312890880,1659084800,53182464,53268480,52547584,1236938752,76058624,2119933952,1913683968,2104381440,1775476736,55037952,51077120,49123328,49397760
1919401984,1312890880,1659084800,53182464,53268480,52547584,1236938752,76062720,2054918144,1964015616,1936596992,1993474048,55037952,51077120,49123328,49397760
1919401984,1312890880,1659084800,53166080,53268480,52547584,1236938752,76062720,1987940352,1964015616,1936596992,1725022208,55037952,51077120,49123328,49397760
1919401984,1312890880,1659084800,53182464,53268480,52547584,1236938752,76062720,1987948544,2098241536,1953374208,1859248128,55037952,51077120,49123328,49397760
1919401984,1312890880,1659084800,53182464,53268480,52547584,1236938752,76066816,1971998720,1964015616,1953374208,1658855424,52211712,51077120,49123328,49397760
1919401984,1312890880,1659084800,53182464,53268480,52547584,1236938752,76341248,1971998720,1881088000,1375498240,1658855424,52211712,52985856,51372032,50671616
1919401984,1312890880,1659084800,53182464,53268480,52547584,1308860416,171577344,1971998720,1881088000,1375498240,1658896384,52228096,53022720,51372032,50671616
1919401984,1312890880,1659084800,53211136,53264384,52568064,1407881216,76275712,1971998720,1881088000,1375498240,1658896384,73646080,53022720,51384320,50683904
1980354560,1312890880,1636171776,55046144,53264384,52383744,1018150912,215646208,1974177792,1908015104,1379758080,1664393216,86454272,87203840,85929984,84832256
1996324864,1339342848,1652162560,55046144,54472704,52383744,1018150912,73129984,2046357504,1931685888,1336459264,1682767872,51322880,52256768,50802688,49840128
1996316672,1339342848,1652154368,55046144,54472704,52383744,1018150912,73129984,2046357504,1931677696,1352421376,1682767872,51322880,52256768,50802688,49840128
1996316672,1339342848,1652154368,55046144,54476800,52383744,1018150912,73125888,2046357504,1931677696,1352421376,1682767872,51322880,52256768,50802688,49840128
1996316672,1339342848,1652154368,55050240,54476800,52383744,1020051456,73125888,2046357504,1931677696,1352421376,1682767872,51322880,52256768,50802688,49840128
1996316672,1339342848,1652154368,55050240,54476800,52383744,1020051456,73129984,2046357504,1931677696,1352421376,1682767872,51322880,52256768,50802688,49840128
1996316672,1339342848,1652154368,55050240,54476800,52383744,1020051456,73134080,2046357504,1931677696,1352421376,1682767872,51322880,52256768,50802688,49840128
1996316672,1339342848,1652154368,55050240,54476800,52383744,1020051456,73134080,2046357504,1931677696,1352421376,1682767872,51322880,52256768,50802688,49840128
1996316672,1339342848,1652154368,55050240,54476800,52383744,1020051456,73134080,2046357504,1931677696,1352421376,1682767872,51322880,52256768,50802688,49840128
1980362752,1323388928,1636192256,55058432,54484992,52400128,1020051456,73166848,2046357504,1931677696,1352421376,1682767872,51322880,52256768,50802688,49840128
1980362752,1323388928,1636192256,55058432,54468608,52400128,1020043264,73195520,2046357504,1931677696,1352421376,1682767872,51322880,52256768,50802688,49852416
1980362752,1323388928,1636192256,55058432,54468608,52400128,1020043264,73195520,2030395392,1915723776,1336475648,1666813952,51318784,52305920,50790400,49844224
1980362752,1323388928,1636192256,55058432,54468608,52400128,1197740032,105660416,2030395392,1915723776,1336475648,1666813952,51318784,52305920,50790400,49844224
1980362752,1323388928,1636192256,55058432,54468608,52400128,1197834240,105660416,2030395392,1915723776,1336475648,1666813952,51318784,52305920,50790400,49844224
1980362752,1323388928,1636192256,55058432,54468608,52400128,1197846528,105664512,2030395392,1915723776,1336475648,1666813952,51318784,52305920,50790400,49844224
1980362752,1323388928,1636192256,55062528,54468608,52400128,1197928448,105660416,-,-,-,-,-,-,-,-
