dockerfiles-laptop-clientapp-0-1,dockerfiles-laptop-supernode-0-1,dockerfiles-serverapp-1,dockerfiles-superlink-1,dockerfiles-desktop-clientapp-0-1,dockerfiles-desktop-clientapp-1-1,dockerfiles-desktop-supernode-0-1,dockerfiles-desktop-supernode-1-1
184.398,0,0,79.278,158.63279999999997,79.31639999999999,111.5328,215.5296
201.4485,101.123,563.8325,57.739000000000004,121.4164,60.7082,85.3664,164.9648
326.54145569620255,306.24572784810124,912.4028481012658,280.0034810126582,209.47706666666667,163.5164,224.75413333333336,334.28293333333335
361.71591346153855,430.94149038461546,878.0847115384618,597.0092307692308,197.55780000000001,205.61640000000003,248.10720000000003,351.40380000000005
349.52790697674413,416.42093023255813,848.4976744186046,576.8930232558139,247.71640000000002,247.71640000000002,408.46728,338.68304
438.5644480519481,474.9089285714286,1152.0274350649352,604.8925324675325,289.8164,241.51366666666664,398.2394,495.18906666666663
430.6283170391061,466.3151187150837,1685.1216829608936,11578.889664804468,371.8995428571429,331.9164,431.70531428571434,486.10491428571436
518.9065767973855,620.8726715686273,1661.3750408496728,11415.720588235292,366.68710000000004,327.26435000000004,473.18405000000007,545.0334
505.51249863552016,604.8466324637049,1760.3973365353127,11153.367536295164,421.00000000000006,387.8888888888889,636.8888888888889,679.6666666666667
480.24017467248905,758.0786026200873,1760.589519650655,11262.882096069869,327.44444444444446,435.6666666666667,571.1111111111112,600.1111111111112
494.65065502183404,744.650655021834,1728.4934497816591,11262.882096069869,435.6666666666667,435.6666666666667,666.2222222222223,600.1111111111112
448.6899563318777,619.8689956331878,6337.991266375545,39710.98995633188,820.3333333333334,417.22222222222223,539.1111111111112,487.8888888888889
819.3333333333334,15930.444444444445,6220.222222222223,39730.456,853.4444444444445,370.44444444444446,16072.555555555557,455.00000000000006
819.3333333333334,15963.555555555557,6220.222222222223,53483.30488888887,799.3333333333334,766.2222222222223,15912.666666666668,16067.444444444445
758.8888888888889,15897.77777777778,6315.111111111111,53519.504888888885,771.7833499999999,785.7991999999999,16319.2353,16314.107549999999
1319.888888888889,15897.77777777778,5945.222222222223,43884.222222222226,692.4142708694147,733.4026093984529,16520.494169264522,16557.095023669324
1226.3333333333335,15738.000000000002,6186.777777777778,43957.55555555556,1064.1958203440713,733.4026093984529,16569.91109571643,16488.742639418084
3730.414490498944,15739.748860984551,6043.0047783087,43929.54772752528,1007.9667474887427,1086.0177808567141,16400.06927606512,16349.151368202289
3662.2222222222226,15582.111111111111,6385.666666666667,43774.222222222226,4194.203902551669,1857.5222260708927,16400.06927606512,16398.5682946542
6018.88888888889,15525.333333333334,6025.555555555556,43774.222222222226,4081.745756841012,14781.375510910979,16301.235423161299,16398.5682946542
6023.555555555556,15525.333333333334,1747.1111111111113,14618.000000000002,18795.05830735481,14775.732421198478,16301.235423161299,16349.151368202289
5520.555555555556,33.111111111111114,1575.4444444444446,14618.000000000002,20618.186976099758,15872.536854866645,125.62059808336221,16349.151368202289
5520.555555555556,0,1747.5555555555557,186.8888888888889,20618.186976099758,15568.294654196976,125.62059808336221,125.62059808336221
5488.0542282475835,0,1341.8157573063675,179.5755083898211,20598.3023375,15515.507037500001,98.68610000000001,98.68610000000001
4926.444444444444,0,1553.6666666666667,139.11111111111111,19852.111111111113,14953.444444444445,95.11111111111111,95.11111111111111
4926.444444444444,0,1718.0000000000002,65.77777777777779,19496.499611067895,14955.106122902544,0,95.1216801866874
2422.777777777778,0,1718.0000000000002,113.33333333333334,19494.333333333336,14553.666666666668,0,95.11111111111111
2422.5086101544275,0,1775.4693922897459,139.09565603821798,16428.111111111113,13716.666666666668,0,0
4.666666666666667,0,2002.5555555555557,139.11111111111111,16428.111111111113,1129.4444444444446,0,0
0,0,1589.5555555555557,146.44444444444446,1798.1111111111113,1129.4444444444446,0,0
0,0,1925.3416287079215,146.42817464726144,0,4.666666666666667,0,0
0,0,1987.7777777777778,146.44444444444446,0,4.666666666666667,0,0
45393.863013698625,93.80821917808218,2299.1780821917805,209.53424657534245,0,0,0,0
45398.83822884701,21811.5957913196,2299.649276633056,445.63787812363006,0,0,0,0
45447.232876712325,21809.20547945205,2068.4931506849316,445.58904109589037,0,0,0,0
45452.213941253845,21898.180622533982,2068.7198597106535,454.95396755808866,0,0,0,0
45531.29453030802,21900.580949249153,2304.614710073441,21455.77112791845,0,0,95.22222222222223,0
45590.40105193951,22007.670392285778,2080.1008108700416,21481.371904448828,0,0,95.23280364484941,0
45595.39726027397,22071.23287671233,2451.835616438356,21444.054794520547,0,0,95.22222222222223,0
45653.77027619465,22073.651907058305,2350.6137658921525,21551.183691363436,0,0,95.22222222222223,95.33333333333334
45674.48487505481,22213.17404647085,2119.46514686541,21551.18369136344,0,0,95.22222222222223,95.33333333333334
45674.48487505481,22274.331433581767,2288.689171416046,21837.023235423065,46097.1219024336,46075.11945771752,706.0784531614623,95.34392710301144
354.51616487056987,469.0589934451727,2485.8349072325295,64462.837462504154,46092,46145.11111111112,706,22088
354.59495499499945,603.5115012779198,2770.974552728081,64502.9447716413,46146.11111111112,100792.66666666667,801.1111111111112,22109.77777777778
354.5555555555556,515.6666666666667,2770.666666666667,65085.77777777778,46221.222222222226,100792.66666666667,935.4444444444445,88028
354.5555555555556,671.6666666666667,2532,43772.222222222226,46221.222222222226,100867.77777777778,840.2222222222223,88028
354.6343631918204,555.9013114025339,2532.562791731496,43814.8477439431,46296.333333333336,100867.77777777778,909.5555555555557,88097.33333333334
354.59495499499945,555.839537726414,32161.7957550839,73557.83975997333,43089.97004441689,93842.16506559239,1392.418138622043,82002.99555831008
321.4801644627181,697.188576508501,32305.811756861873,103165.79619957773,43089.97004441689,93842.16506559239,1392.418138622043,81914.36835037702
354.5555555555556,555.6666666666667,62240.333333333336,133131,93892.9862617498,93911.99256275177,89559.65292841647,81978.82450160106
392.11111111111114,522.7777777777778,62068.77777777778,162495.6666666667,51038.00867589341,51112.373476554436,89033.67072918819,82102.14831646354
317,1106.3333333333335,61592.444444444445,119858.22222222223,51092.43957859947,51042.553191489365,89033.67072918819,61658.64490807685
54899.122319742244,95656.8159093434,61129.31896455948,120109.98777913564,51082.32620597045,298.83276521020554,89079.33064766035,61693.833281685766
54959.333333333336,95667.44444444445,120663.66666666667,149315.11111111112,51017.768595041314,349.1735537190082,89021.28099173553,952.3760330578511
54884.222222222226,95564.22222222223,120434.33333333334,149315.11111111112,51082.32620597045,279.3099886375374,89500.67141824191,952.2776572668112
54861.570936562595,95553.60515498277,120625.93045217196,208649.26119320074,51007.22991117538,23886.903532328033,89426.9778971287,61501.755835571166
54867.66666666667,95636.44444444445,90636.44444444445,178927.8888888889,80179.22222222223,25621.88888888889,160844.77777777778,66090
54899.122319742244,95520.71992000888,90737.91800911009,149366.84812798575,80179.22222222223,25659.444444444445,160886.44444444447,66090
54899.122319742244,95662.14865014997,60975.00277746916,120085.21275413841,25607.222222222223,25642.88888888889,66088.11111111111,66155.11111111111
54861.570936562595,95633.0407732474,60975.00277746916,90401.1776469281,26165.77777777778,25605.333333333336,66033.22222222223,66068
54948.883209245476,95132.68140904546,65638.07089676631,94447.93865985109,26110.123347038556,25662.295810645624,106058.4509389932,66075.34170463384
300.4778308700967,40388.932103567065,65887.43193688188,102286.36515168352,92671.77777777778,26186.88888888889,165650.77777777778,106153.33333333334
67301.29985557159,40379.957782468606,6351.849794467281,72428.1746472614,92699.03344072882,92644.92834129542,165643.7062548606,105561.04877235864
65925.23364485982,105111.38882851554,7305.04238209085,266294.82721147576,92634.22222222223,92655.22222222223,165136.55555555556,165393.6666666667
65914.9098022169,105264.0730276027,7104.542490762878,266236.2529884808,92671.77777777778,67317.22222222223,165745.8888888889,100243.22222222223
65914.9098022169,105132.79721799609,180033.25364051294,323996.84851119324,67682.22222222223,67354.77777777778,100516.44444444445,101111.77777777778
65929.46418867515,105169.43810455386,179988.69688077384,323869.25334202807,67682.22222222223,67317.22222222223,169930.11111111112,101111.77777777778
65876.53515922184,173408.32518204546,179820.56298228455,380819.0414085426,67788.55555555556,67825.22222222223,169889.8888888889,170425.33333333334
66501.19539230602,173389.48054770703,180170.289067594,380842.42555966094,67563.72930325591,68148.46094010444,169908.76764084896,170406.15623958217
66656.4163859611,173369.0101054004,175196.6749972835,376877.75725306966,67548.71680924343,68079.21342073104,129862.01533162984,170368.29241195426
66917.84394696805,134307.21582264727,175183.43838296022,368968.70245598786,958.7777777777778,67528,70138,130249.11111111112
1327.681773720248,134321.81284642976,175571.78567547008,369041.19117487234,1015.2205310521055,1104.21064326186,70056.8825686035,130234.6405954894
1365.2863819150093,68663.73220302143,175387.3492011738,368300.07607868715,1015.3333333333334,1104.3333333333335,70064.66666666667,70428.22222222223
1293.6666666666667,70026.66666666667,178437.44444444447,118107.88888888889,977.7777777777778,1045.7777777777778,69455.33333333334,70371.44444444445
1293.6666666666667,70026.66666666667,1974.4444444444446,59074.77777777778,606.5118346482942,1704.522724747194,69463.05145016112,69692.74363818202
65150.53882901899,69956.89367848016,1783.9128985668258,59068.21464281746,60917.66666666667,1704.3333333333335,30303.222222222223,69685
65157.77777777778,60.333333333333336,1784.1111111111113,924.3333333333334,60757.222222222226,60751.88888888889,30303.222222222223,30319.222222222223
64518.94654961662,60.340037781975774,1595.3994888320924,858.206467385265,60424.28619042329,60450.505499388964,30394.956115987115,30372.625263859576
64277.69752194689,0,1752.861429047672,1015.4461606845206,60506.11111111112,60801.11111111112,31434.666666666668,30376.000000000004
94053.55555555556,573.7777777777778,61698.00000000001,1015.3333333333334,68064.125,68370.625,35364,34173
94074.55555555556,635.7777777777778,61320.444444444445,178967.8888888889,62928.60432980193,62883.003224320586,32578.53523721787,135156.72501151543
94345.77777777778,635.7777777777778,61680.55555555556,238317.8888888889,93800.34542314334,101483.70754173862,135666.43638457108,135141.1629245826
94345.77777777778,100346.44444444445,61912.444444444445,238317.8888888889,93789.54639650013,101472.02394658071,135730.2555836979,143827.5385678103
124152.55555555556,100346.44444444445,61565.444444444445,246180.6666666667,93822.26315183607,100782.66375043167,135714.63105790262,143631.86370438588
60283.14257139682,100792.31025669519,61845.20502278031,246310.47894210467,31401.266551525616,100805.87219343695,104490.38572251007,143800.11514104778
60269.74780579935,148892.2341962004,61831.4631707588,245492.83412954112,31375.89224038683,39102.92424591297,104493.32258807277,112613.86138613863
90513.22222222223,148908.77777777778,69818.11111111111,253512.77777777778,31436.56458669123,39120.07828689846,104394.77319825007,112587.15173842966
90560,149682.22222222222,70037.77777777778,253496.44444444447,31358.738199401338,38763.75777112595,104221.5058715174,112587.15173842966
60517.11111111112,149157.44444444447,9876.111111111111,253496.44444444447,30276.51928352706,37700.02398606425,100212.66410761156,56630.40377530934
60531.385401622036,149234.86279302297,10368.514609487833,90741.91756471503,60240.77777777778,67691.88888888889,148593.33333333334,56841.00000000001
60261.55555555556,149251.44444444447,10009.555555555557,31496.111111111113,30460.17109210088,30431.84090656594,49185.09054549495,57513.94289523387
60268.25202800311,49560.728969885546,18155.461717968665,32259.36215135015,30466.940771196798,30480.608956550725,49119.346594066,49127.45860651183
30475.77777777778,50330,18153.444444444445,24369.111111111113,30844.88888888889,30948.000000000004,90139.77777777778,90075.66666666667
30419.807186678358,95901.7309377739,17971.844872918497,45855.609114811574,31057.99355627153,30944.561715364962,97293.85623819577,97239.08454616155
30426.473811089196,48459.566074950686,18321.38943677405,45898.31251369713,31061.444444444445,30965.55555555556,97290.22222222223,97266.44444444445
607.0333041191938,48448.94829097284,10263.475021910606,38007.66871165645,31036.000000000004,30928.000000000004,97332.55555555556,97252
560.91148115688,47686.34969325154,10312.883435582824,37901.402278702895,31039.448827647513,30964.551616846315,96474.16379597732,97262.80697855317
560.91148115688,47638.03680981596,10478.198948290974,37910.49517966696,30599.77777777778,30532.222222222223,96463.44444444445,49034.88888888889
519.5573572915525,47489.42697490961,9992.65914320149,22885.504546948614,748.0279968892346,680.4799466725921,48450.06110432175,49029.441173202984
445.4425942156004,47484.22436459247,10233.238387379493,22844.544259421564,727.1111111111112,680.5555555555557,48462.66666666667,48355.55555555556
445.4425942156004,47469.98247151622,2083.150744960561,22095.530236634535,727.0303299633375,638.4846128207978,48457.28252416399,48350.18331296523
424.73707274320776,46706.069237510965,2083.150744960561,22117.00262927257,303.77777777777777,125.77777777777779,7436.777777777778,7354.333333333334
0,0,2174.0797546012273,311.7879053461876,33.111111111111114,125.77777777777779,130.22222222222223,137.66666666666669
0,0,1807.5769358960117,230.8632374180647,33.111111111111114,33.111111111111114,130.22222222222223,121.11111111111111
0,0,1807.7777777777778,267.33333333333337,0,33.111111111111114,87.8888888888889,88
0,87.77777777777779,1807.5555555555557,286,0,0,87.8791245417176,87.99022330852128
0,87.76802577491388,1814.5761582046437,276.74702810798794,0,0,87.89865540615624,88.00977886431825
75385.55555555556,22049.222222222223,2033.7777777777778,549.8888888888889,0,0,87.8888888888889,88
75406.55555555556,22049.222222222223,1788.6666666666667,471.11111111111114,0,0,0,88
75435.93732636959,22080.564507167463,1829.31436826314,522.7247471941326,0,0,0,88
75481.66666666667,22204.88888888889,2220.1111111111113,21809.222222222223,0,0,0,88
75511.05678408711,22207.356372930324,1968.1075675075006,21738.08200911212,0,0,0,0
75523.66666666667,22241.111111111113,1769.888888888889,21754.111111111113,0,0,0,0
75515.27608043549,22238.64015109432,2189.3122986334847,21715.253860682144,0,0,0,0
75598.77777777778,22309.222222222223,1937.888888888889,21713.444444444445,0,0,0,0
75628.18090898989,22326.147349705523,1763.1959106567397,22085.231692410267,78154.67004491536,78176.43671542095,551.5374870436486,22824.830127836005
234.22222222222223,362.22222222222223,2328.777777777778,64367.66666666667,78172.67595899092,78194.44764428062,551.6645547747956,22830.088699458593
288.33333333333337,489.22222222222223,2545.3333333333335,64367.66666666667,78207.21032020272,78207.21032020272,589.1499654457498,22857.406127620365
267.3036329296745,496.50038884568386,2595.8226863681816,64389.62337518054,78263.30338631652,78263.30338631652,589.1499654457498,23019.120018428934
255.25058339815533,369.8188687631959,2205.356150683409,43287.47638626514,78263.30338631652,78306.84174153421,751.0942179221378,23056.093066113797
288.30129985557164,501.83312965226094,2413.065214976114,43277.85801577603,78306.84174153421,78306.84174153421,805.2292098594794,23056.093066113797
267.33333333333337,465.6666666666667,2413.3333333333335,43510.11111111112,77962.9455,164603.921625,985.402275,90322.38765
309.33333333333337,612.3333333333334,2198,43936.333333333336,75607.77777777778,159488.33333333334,954.7777777777778,87515.33333333334
234.22222222222223,549.4444444444445,2405.5555555555557,43874.333333333336,75636.11111111111,159509.33333333334,1025.5555555555557,117544.66666666667
342.89937184382313,643.4289937184383,36062.19977829782,81271.33883483188,234.22222222222223,84140.55555555556,1122,95640.66666666667
366.1781007513241,771.8930902820545,35192.26505727306,67153.59034363838,84138.09576713697,84131.20764359515,125192.53416287078,95630.04110654371
342.89937184382313,631.1122059366918,68393.15186599335,67410.51853676562,84126.44444444445,84161.55555555556,125170.22222222223,95742.22222222223
342.85714285714283,1139.9014778325122,67903.81773399014,132986.2068965517,84135.79286587398,84191.91021224581,125255.36170685632,95627.8475386154
93228.91269548085,138482.45289988918,68089.0284447728,132754.58687353774,84126.44444444445,84140.55555555556,125085.22222222223,95697.55555555556
93246.58209139058,138370.1194728415,67681.11836433058,133117.6253233157,84105.44444444445,84161.55555555556,125170.66666666667,95728.55555555556
93235.09852216748,138413.6699507389,133598.52216748768,132828.69458128078,84147.44444444445,234.22222222222223,125016.33333333334,30454.666666666668
93271.49544222717,138285.16876077856,133828.7755604829,165426.5829021927,84133.77777777778,234.22222222222223,125016.33333333334,30965.88888888889
93283.58576529984,138283.58576529985,133355.00554118952,231029.6761482576,84105.44444444445,54817.222222222226,219597.44444444447,95428.88888888889
84076.77777777778,124756.11111111112,90414,178655,138676.33333333334,54784.11111111112,218968.8888888889,95312
84083.99066770358,124626.37484723917,90578.49127874679,148926.89701144316,54763.11111111112,54784.11111111112,95195.44444444445,95374
84076.77777777778,124794.44444444445,60803.444444444445,149510.6666666667,54796.222222222226,54802.55555555556,95264.77777777778,96145
84107.12301366818,124327.36970774531,69244.69385487276,90268.69652183577,55210.08776802577,151067.99244528383,95182.97966892566,96103.32185312742
300.11111111111114,384.6666666666667,69062.33333333334,105225.00000000001,151122.33333333334,151084.77777777778,168099.33333333334,235128.77777777778
719.2222222222223,1340.4444444444446,69899.77777777778,245737.11111111112,151101.33333333334,151101.33333333334,227703.6666666667,235176.33333333334
719.3021446827426,140179.13101455718,10421.26902989221,245764.41826869652,151096.8888888889,151080.33333333334,227694.44444444447,235176.33333333334
96573.88888888889,140263.77777777778,10403.88888888889,216304.11111111112,151063.77777777778,151138.8888888889,227694.44444444447,234747.8888888889
96542.61584620512,140141.68240915655,10898.988776530725,157070.56339593287,151063.77777777778,96555.88888888889,133151.11111111112,140303.11111111112
96586,140160.6666666667,10687.88888888889,223758.11111111112,96568,96534.88888888889,133289.8888888889,140303.11111111112
96537.71803132986,239268.63681813134,187293.96733696258,282522.1642039774,96610,96610,132978.8888888889,141208.44444444447
97015,239141.00000000003,187107.11111111112,281754.55555555556,96566.61851316813,96841.20457828647,232371.8190910101,140322.59139904435
97258.44444444445,239168.8888888889,178673.55555555556,399680.22222222225,96959.33333333334,473.11111111111114,232346.00000000003,239127.33333333334
97210.6900766752,239195.466162907,178912.32359151018,384756.63962662517,1045.770675,469.76385000000005,158312.18265,99289.07992500001
97066.1184576064,238256.13957106342,178266.14068229802,243995.66618513165,1078.1392174704276,1054.140127388535,102078.59417652412,102315.7415832575
97083.66666666667,99351.88888888889,178649.22222222225,244023.44444444447,1039.695177434031,1167.3111919927205,102080.75523202911,102351.11464968152
1174.888888888889,99251.66666666667,178457.8888888889,243656.44444444447,1018.1983621474067,1107.3703366696998,102080.75523202911,102266.37852593265
33207.91199022114,99262.69585509501,177983.77597510835,244021.78019779976,62854.20220630048,1085.7500284317073,132889.91243034235,102206.07301262369
33150.11111111112,99193.44444444445,178499.22222222225,177289.6666666667,62784.463148316645,1967.3566878980891,132762.96633303002,102217.69790718835
33157.479439875526,58.90197821738164,1906.0902422760614,148058.23516336962,62789.24021838034,1890.4686078252955,132816.99272065514,101227.47952684258
32646.000000000004,58.88888888888889,1905.7777777777778,148025.33333333334,62774.960200136455,62612.917898567204,31146.804639526952,132156.92517625654
92308.47015331087,511.471131890834,2563.1184081765796,58827.00880721975,61967.81164695177,62627.161055505,31153.889899909005,31043.56232939035
92381.14397564156,539.7999130056545,60789.582427142224,117308.06872553282,63916.04775,63990.869199999994,32157.743199999997,31973.504175
92095.24845058171,523.540284875503,60595.73774056758,117240.94813526151,60570.93656260416,60674.925008332415,30464.170647705814,30445.7282524164
92397.30346852235,993.9110579536806,60543.54680874199,117187.23496792433,60570.93656260416,60564.381735362746,130339.6289301189,30411.176535940456
92407.35102218355,98328.29491083078,60706.28534145279,233114.07133536317,90680.33333333334,60613.11111111112,130879.00000000001,31364.88888888889
90210.63505872116,98328.29491083078,60900.39147455415,232954.5454545454,30311.81242360262,60619.84664962773,100669.74108234247,31368.374263807087
90200.82635642057,98331.73861041645,60541.480917690555,233200.17396977276,30308.444444444445,97299.88888888889,100673,130558.33333333334
90258.12765032076,98537.45786669567,60338.045014678704,204193.32390997064,30299.333333333336,97341.88888888889,100759.88888888889,130558.33333333334
90258.12765032076,98537.45786669567,68612.59106230293,212176.03566380343,30340.260028892095,37732.19246582953,100648.18313145904,108372.37470830091
59003.91431988692,98574.97009894531,68612.59106230293,197324.99728172232,30303.77777777778,37749,100744.77777777778,109115.88888888889
30663.88888888889,148287.6666666667,10100.77777777778,141879.55555555556,30282.77777777778,67957.33333333334,148863.44444444447,156623.77777777778
30618.48683479614,148271.19208976784,10274.63615153872,149536.82924119543,60494.94388265362,67910.7678630959,148879.98666518502,157022.11356817422
60141.79353261473,148456.49516612955,10102.344704967218,149716.1906878542,60494.94388265362,67931.7701966885,49590.287809756635,157053.11701300144
60149.42784135097,49016.775913787365,9765.803799577825,31257.638040217756,30444.111111111113,67924.22222222223,49089,156085.33333333334
30413.333333333336,49022.222222222226,18287.333333333336,39437.333333333336,30402.111111111113,67924.22222222223,49089,204310.55555555556
30416.712968107564,49789.86554061562,18291.032336926324,53974.66385153905,30423.111111111113,30808.111111111113,97291.44444444445,105117.11111111112
30779.753305922877,96943.10478942104,18291.032336926324,53974.66385153905,30810.000000000004,30766.111111111113,97151.77777777778,105133.66666666667
30796.310701189017,96943.10478942104,10057.561951327923,45863.87376375152,30772.444444444445,30766.111111111113,97173,97104.22222222223
30758.750972330257,96904.76719635514,10057.561951327923,31098.78875430603,30730.444444444445,30761.666666666668,97065.22222222223,96334.22222222223
30347.961337629156,48815.13165203867,10029.885568270194,31130.207754693925,30730.444444444445,511.33333333333337,48924.77777777778,48859.444444444445
30354.706078453157,48825.980664518276,9857.095232803644,23453.161462384705,504.00000000000006,527.8888888888889,48924.77777777778,48322.444444444445
501.11111111111114,48187.55555555556,10071.333333333334,23304.444444444445,504.00000000000006,506.8888888888889,48300.333333333336,48291.444444444445
480.16446271807973,48156.68407600844,10249.249916657405,23321.480164462715,445.44444444444446,464.8888888888889,48271.222222222226,48291.444444444445
438.11111111111114,48151.333333333336,1529.3333333333335,14967.444444444445,445.44444444444446,464.8888888888889,48271.222222222226,66.22222222222223
438.11111111111114,47374.77777777778,1783.4444444444446,185,424.44444444444446,33.111111111111114,54.333333333333336,66.22222222222223
16.555555555555557,16.555555555555557,1783.4444444444446,207.00000000000003,0,30.598624088715482,50.21049389054319,45.89793613307322
0,16.555555555555557,1806.5555555555557,207.00000000000003,0,30.598624088715482,30.598624088715482,30.598624088715482
0,16.553716253749585,1983.2240862126432,148.09465614931676,0,15.299312044357741,30.598624088715482,30.598624088715482
0,95.1216801866874,1596.1773530392263,135.57061895766194,0,15.3008831382214,0,0
0,95.11111111111111,2019.6666666666667,157.33333333333334,0,0,87.99671424170862,0
0,95.10054438395736,1629.152316409288,157.3158537940229,0,0,87.99671424170862,0
74030.10142872724,21609.44486857891,2158.6868797033485,21279.092594612284,0,0,87.99671424170862,0
74030.10142872724,21609.44486857891,2364.707165448795,21344.094230559498,0,0,87.99671424170862,87.99671424170862
74071.32729850584,21690.587850365366,2324.7900534409428,21384.229468862475,0,0,88.00575066748819,88.00575066748819
74055.17391778433,21779.195289499512,2324.283066186894,21357.976229418822,0,0,95.22222222222223,95.22222222222223
74132.52617801048,21867.58289703316,2259.0532286212915,21624.45462478185,75395.59951105677,75402.93365929546,95.23280364484941,22082.12023558173
74173.75654450261,21867.58289703316,2085.4057591623036,63482.65706806283,75387.22222222223,75394.55555555556,95.22222222222223,22079.666666666668
74165.66692114735,21800.196313665616,2929.108954084415,63450.43079943288,75399.84446172649,75428.17464726142,649.1500944339518,22106.099322297527
74202.53026502345,21800.196313665616,2933.6896062820374,63751.00883411496,75429.22222222223,75436.55555555556,568.4444444444445,22108.55555555556
74218.71931929748,21965.310352350825,3108.1051598123704,63764.917639358566,75487.77777777778,159330.77777777778,568.4444444444445,87323.55555555556
74268.10645724258,21977.094240837698,2767.670157068063,63903.141361256545,75487.77777777778,159330.77777777778,724.5555555555557,87323.55555555556
276.22222222222223,467.22222222222223,32342.55555555556,43769,75525.33333333334,159405.8888888889,746.3333333333334,117211.66666666667
271.77777777777777,514.7777777777778,31952.222222222223,73463.66666666667,75766.91478724587,159430.1744250639,746.2504166203756,117213.08743472949
271.8684005779705,419.8066022007336,32139.935534066914,103090.91919528732,159565.11111111112,159502,95514.88888888889,117341.88888888889
255.19386734807247,384.4017331407622,32178.313520719923,102733.25186090436,84222.6419286746,84098.10021108767,95504.27730252195,95346.85034996113
213.24591621291253,550.9501055672852,32185.465051672403,60497.83309256584,84232,84149.44444444445,125491.00000000001,95487.77777777778
255.25058339815533,522.0580064451606,31502.38915435048,60497.83309256584,84262.36248472052,84116.79075452827,124972.66362929213,95483.94266029558
238.69318813201465,571.0634514946105,61242.804756084006,89895.09945549504,84253,84149.44444444445,125110.88888888889,95473.33333333334
238.64015109432287,407.62137540273307,61052.216420397745,119478.5023886235,84194.44444444445,309.33333333333337,125169.11111111112,30289.333333333336
84088.43461837574,124704.92167536942,61406.17709143429,119055.66048216866,84269.55555555556,309.33333333333337,125013.00000000001,30436.111111111113
84076.77777777778,124733.22222222223,90614.66666666667,149017.11111111112,138797.31081231247,276.2529169907767,219597.51083453716,452.8280920102233
84069.56328480941,124616.84631625735,90810.86787420824,148865.42949216577,138552.8888888889,255.22222222222223,219573.11111111112,469.33333333333337
84060.22222222223,124733.11111111112,90623.77777777778,119256.00000000001,54763.11111111112,201.11111111111111,125185.11111111112,95475
84107.12301366817,124739.63773752638,90709.7455272808,149095.01055672852,54746.55555555556,54784.11111111112,125324.55555555556,95475
84118.77777777778,124581.11111111112,90869.44444444445,148819.8888888889,54805.11111111112,54742.11111111112,95348.44444444445,95375.66666666667
84088.43461837574,124567.27030329965,90682.59082324187,148803.35518275748,54763.11111111112,54784.11111111112,95348.44444444445,168296.55555555556
84118.77777777778,124662.33333333334,69029.22222222223,119758.66666666667,54769.19657739748,151101.56684076006,95223.46927436382,168315.25725080562
84118.77777777778,124686.00000000001,69297.55555555556,90152,57647.7335135642,158986.13953306666,100166.89620577573,177128.86849137393
661.7401933548172,73213.5792865874,69128.01422380263,105215.69063229246,55969.06982033204,154568.56947919037,171972.8223788947,240831.02115078463
96544.55555555556,73191,9785.333333333334,149629.33333333334,643.4337691870381,154584.87777146106,136187.83399658898,240867.08357021035
96512.83190756584,140148.53905121656,10219.420064437287,120022.88634596157,98796.22469865817,154580.9642938367,136203.32044575847,240963.04298385262
94801.87547704723,234776.79642350893,184216.11601788248,306685.9666339549,98796.22469865817,154602.4562201501,135867.86445303616,143613.37275415057
95009.26733536851,234744.22154382904,183896.75098124729,335232.5556040122,98789.53951108585,98751.10858442297,135709.72143263218,143611.82490051165
95342.3806409418,234671.68083714848,183906.9108349684,392865.7074340528,99052.76324766886,98822.2651808051,136285.42187855355,144273.14077780306
95363.35877862594,234842.09378407852,184160.74154852782,393037.0774263904,99638.13096862209,99076.17098681218,237285.35698044565,69613.46066393815
95736.85932388222,234714.2857142857,175816.3576881134,392444.4929116685,99627.97043774872,499.1472427515634,237297.55542922116,170723.59295054007
95736.85932388222,234700.10905125408,175735.65976008723,392530.8615049073,96921.76965,1046.39425,158296.9956875,99187.8879375
95330.17119180025,163230.72729255262,175942.42721622507,377716.7157343802,97469.22222222223,1051.111111111111,159010.55555555556,99651.55555555556
32552.126499454742,163255.7251908397,176135.1145038168,304779.3893129771,96978.55555555556,976.0000000000001,99412.55555555556,129830.00000000001
32552.126499454742,97524.20937840785,175881.02508178842,334106.3249727372,1056.111111111111,61296.11111111112,99412.55555555556,129732.00000000001
64172.1919302072,97524.20937840785,175707.63358778626,333372.1919302072,1056.111111111111,61321.77777777778,99445.77777777778,129763.00000000001
65102.678075341704,129.68107567507502,1901.5446160684521,89257.80642293589,61297.92199133236,61307.58973219246,129700.966774086,129777.41971330147
64735.3562298544,129.70990330110038,1874.8471712793155,30308.65844170279,60986.333333333336,61284.222222222226,129139.11111111112,129208.22222222223
94728.33333333334,581.1111111111112,2038.0000000000002,60067.55555555556,60457.49527725302,60978.88654294921,30486.165129458826,129222.5802866985
94295.30052216421,581.0465503832908,2037.7735807132544,60073.43628485724,60471.77777777778,61026.222222222226,30497.222222222223,30542.333333333336
94326.81626305265,600.6443012663851,2205.398800266607,59978.78249277938,60509.333333333336,60504.88888888889,30497.222222222223,30625.111111111113
94312,1045.3333333333335,61537.55555555556,119502.88888888889,60398.77777777778,60504.88888888889,30566.55555555556,30608.55555555556
92418.3696135051,100028.87605508663,61333.51843625055,119433.25188804975,60440.77777777778,60525.88888888889,130333.8888888889,413.5555555555556
92459.44444444445,100073.33333333334,61368.00000000001,148742.6666666667,90514.05087193158,578.807064311896,130290.4587359769,100300.12218149505
60237.66666666667,100508,61664.11111111112,208245.11111111112,90544.22222222223,532.3333333333334,130749.22222222223,100302.55555555556
60199.62230615418,100500.11108642523,61456.34303488113,207942.79049100197,30325.77777777778,37762.222222222226,100508.44444444445,108508.22222222223
60234.00000000001,100522.44444444445,61276.11111111112,208232.77777777778,30325.77777777778,37741.222222222226,100563.33333333334,108401.77777777778
30202.66518600777,100043.19822320931,69555.35813436979,186492.05996668516,30703.444444444445,37741.222222222226,100457,108449.33333333334
30287.82492779382,100149.85558764718,69578.53810264386,193919.6845145523,60501.00000000001,37724.66666666667,148745.77777777778,156492.55555555556
30259.279839964434,100165.48121804846,69448.98866414759,208913.5363414092,60463.444444444445,67909.11111111111,148745.77777777778,157010.44444444447
30650.222222222223,147755,10176.222222222223,149356.33333333334,60522.00000000001,67909.11111111111,149161.55555555556,157024.8888888889
30424.966651845265,49408.84837705647,10180.746998666074,149826.7007558915,60501.00000000001,67930.11111111111,49361.11111111112,157027
30408.065770469944,49381.402066437055,10160.093322964114,90680.70214420618,30403.023229965547,67600.4223630099,49484.27253528954,57126.04201400467
30429.063437395842,49019.44228419064,9864.015109432285,31184.868347961332,30448.06132651928,67570.38106877015,49015.66492611932,57229.418953449625
30421.584972768702,49147.71590530177,10860.286762254085,31753.806824497056,30392.88888888889,30423.111111111113,49104,49015.66666666667
